"Thinking about your current financial situation, which of these statements best applies to you?",,,,,,,,,,,,,,,,,,,,,,,,,,,,,,,,,,,,,,,,,,,,,,,,,,,,,,
,,,,,,,,,,,,,,,,,,,,,,,,,,,,,,,,,,,,,,,,,,,,,,,,,,,,,,
,,Gender,,Age,,,,,,,Social Grade,,Ethnicity,,,,,Region,,Employment (1),,Employment (2),,,,,,Work organisation,,,,,,Gross household income,,,,,,House Tenure,,,,,,,,,,,Disability status,,,
,All,Female,Male,18-24,25-34,35-49,50-64,65+,18-34,35+,ABC1,C2DE,White,Asian,Black,Other and Mixed,Refused,Inner London,Outer London,In employment,Not in employment,Full time (30+ hours),Part time (less than 30 hours),Full time student,Retired,Unemployed or not working,Other,Self-employed,Private sector,Public sector or nationalised,Charity/voluntary sector,Other,Have never worked,"Less than £20,000","£20,000 to £39,999","£40,000 to £69,999","£70,000 and over",Don't know,Prefer not to answer,"ANY Ownership (outright, mortgage, shared ownership)",Own – outright,Own - Mortgage,"Own (part-own) – through shared ownership scheme (i.e. pay part mortgage, part rent)","Rent (private, LA and HA)",Rent – from a private landlord,Rent - Housing association (HA) and local authority (LA),Rent – from my local authority,Rent – from a housing association,Living with family and friends (whether pay rent or not),Other,Activities limited by health or disability,"Yes, limited a lot","Yes, limited a little",No
I am having to go without my basic needs and/or rely on debt to pay for my basic needs,3%,2%,3%,2%,2%,5%,2%,0%,2%,3%,2%,3%,2%,6%,4%,3%,---,2%,3%,1%,5%,1%,2%,7%,1%,5%,---,4%,1%,1%,2%,7%,---,4%,5%,1%,0%,3%,2%,1%,1%,1%,---,4%,3%,4%,0%,8%,4%,---,5%,8%,3%,2%
I'm struggling to make ends meet,10%,9%,10%,4%,10%,10%,13%,8%,8%,11%,5%,16%,8%,12%,15%,11%,---,11%,9%,9%,12%,7%,13%,1%,7%,21%,---,10%,11%,6%,9%,17%,---,22%,10%,5%,2%,5%,10%,5%,5%,5%,---,17%,12%,22%,27%,17%,7%,---,18%,24%,13%,7%
I am just about managing,23%,24%,22%,20%,18%,25%,26%,23%,19%,25%,20%,26%,21%,17%,37%,24%,---,23%,23%,23%,23%,20%,32%,21%,23%,22%,---,22%,19%,24%,16%,29%,---,29%,25%,20%,12%,21%,25%,20%,17%,22%,---,29%,24%,34%,34%,34%,20%,---,29%,27%,31%,21%
I am coping okay financially,36%,39%,33%,37%,32%,36%,37%,38%,34%,37%,38%,33%,39%,39%,31%,26%,---,36%,36%,39%,31%,41%,31%,35%,37%,28%,---,28%,43%,37%,45%,17%,---,32%,40%,39%,30%,41%,35%,39%,40%,37%,---,33%,35%,29%,27%,31%,37%,---,28%,26%,30%,38%
I am comfortable financially,23%,20%,27%,21%,31%,19%,20%,29%,28%,22%,30%,15%,27%,19%,6%,29%,---,23%,24%,25%,20%,28%,17%,21%,29%,13%,---,30%,23%,29%,25%,14%,---,10%,18%,33%,54%,14%,17%,32%,35%,31%,---,15%,21%,8%,9%,7%,24%,---,14%,9%,18%,27%
Don't know,2%,2%,3%,9%,3%,2%,0%,0%,5%,1%,2%,3%,1%,5%,2%,5%,---,3%,2%,1%,4%,1%,4%,8%,0%,5%,---,6%,1%,1%,0%,8%,---,1%,1%,1%,1%,10%,4%,1%,1%,1%,---,2%,3%,1%,0%,1%,4%,---,2%,5%,0%,2%
Prefer not to say,3%,3%,3%,7%,4%,3%,2%,1%,5%,2%,2%,4%,2%,3%,7%,4%,---,2%,4%,2%,5%,2%,2%,6%,2%,5%,---,1%,2%,2%,3%,7%,---,2%,2%,1%,1%,6%,8%,2%,1%,3%,---,2%,1%,2%,3%,1%,5%,---,4%,1%,6%,3%
Weighted N,1188,604,584,128,248,383,246,183,376,812,701,487,715,141,148,165,18,409,779,748,440,578,170,57,191,144,47,92,367,262,81,97,16,192,247,191,155,104,226,502,244,230,28,456,251,206,98,107,190,40,295,126,169,888
Unweighted N,1188,694,494,135,239,325,270,219,374,814,751,437,809,104,113,133,29*,420,768,725,463,552,173,59,224,140,40*,96,350,260,87,91,17*,181,240,196,163,105,225,525,273,224,28*,448,258,190,92,98,175,40*,295,111,184,888
,,,,,,,,,,,,,,,,,,,,,,,,,,,,,,,,,,,,,,,,,,,,,,,,,,,,,,
Weighted,,,,,,,,,,,,,,,,,,,,,,,,,,,,,,,,,,,,,,,,,,,,,,,,,,,,,,
Filters,Jan 22,,,,,,,,,,,,,,,,,,,,,,,,,,,,,,,,,,,,,,,,,,,,,,,,,,,,,
*Columns with fewer than 50 cases,,,,,,,,,,,,,,,,,,,,,,,,,,,,,,,,,,,,,,,,,,,,,,,,,,,,,,
,,,,,,,,,,,,,,,,,,,,,,,,,,,,,,,,,,,,,,,,,,,,,,,,,,,,,,
,,,,,,,,,,,,,,,,,,,,,,,,,,,,,,,,,,,,,,,,,,,,,,,,,,,,,,
"Thinking about the last six months, have you, or have you not, been able to meet payments on the following?",,,,,,,,,,,,,,,,,,,,,,,,,,,,,,,,,,,,,,,,,,,,,,,,,,,,,,
,,,,,,,,,,,,,,,,,,,,,,,,,,,,,,,,,,,,,,,,,,,,,,,,,,,,,,
,,Gender,,Age,,,,,,,Social Grade,,Ethnicity,,,,,Region,,Employment (1),,Employment (2),,,,,,Work organisation,,,,,,Gross household income,,,,,,House Tenure,,,,,,,,,,,Disability status,,,
Rent or mortgage payments,All,Female,Male,18-24,25-34,35-49,50-64,65+,18-34,35+,ABC1,C2DE,White,Asian,Black,Other and Mixed,Refused,Inner London,Outer London,In employment,Not in employment,Full time (30+ hours),Part time (less than 30 hours),Full time student,Retired,Unemployed or not working,Other,Self-employed,Private sector,Public sector or nationalised,Charity/voluntary sector,Other,Have never worked,"Less than £20,000","£20,000 to £39,999","£40,000 to £69,999","£70,000 and over",Don't know,Prefer not to answer,"ANY Ownership (outright, mortgage, shared ownership)",Own – outright,Own - Mortgage,"Own (part-own) – through shared ownership scheme (i.e. pay part mortgage, part rent)","Rent (private, LA and HA)",Rent – from a private landlord,Rent - Housing association (HA) and local authority (LA),Rent – from my local authority,Rent – from a housing association,Living with family and friends (whether pay rent or not),Other,Activities limited by health or disability,"Yes, limited a lot","Yes, limited a little",No
I’ve fallen behind on all payments,2%,2%,2%,0%,4%,3%,3%,0%,3%,2%,2%,3%,2%,1%,8%,0%,---,4%,2%,2%,3%,1%,6%,---,0%,5%,---,3%,3%,0%,0%,4%,---,5%,2%,3%,1%,2%,2%,1%,-,2%,---,3%,2%,4%,3%,5%,3%,---,3%,6%,1%,2%
I fell behind on some payments,3%,4%,3%,5%,1%,4%,4%,4%,2%,4%,2%,6%,2%,7%,7%,3%,---,4%,3%,2%,5%,2%,3%,---,4%,4%,---,5%,3%,4%,4%,2%,---,7%,5%,3%,0%,3%,2%,1%,-,1%,---,5%,1%,8%,10%,7%,2%,---,6%,5%,7%,2%
"I kept up with payments, but it was a constant struggle",7%,7%,7%,7%,7%,5%,11%,9%,7%,7%,6%,8%,7%,15%,6%,2%,---,6%,8%,6%,10%,5%,7%,---,16%,6%,---,1%,5%,6%,8%,12%,---,6%,14%,3%,4%,5%,4%,5%,-,5%,---,9%,7%,11%,11%,11%,5%,---,12%,11%,12%,5%
"I kept up with payments, but it was a struggle from time to time",17%,19%,16%,16%,15%,18%,20%,19%,15%,19%,16%,20%,17%,18%,15%,21%,---,15%,19%,18%,17%,16%,24%,---,19%,19%,---,21%,14%,21%,15%,18%,---,20%,23%,17%,9%,15%,19%,19%,-,17%,---,20%,25%,15%,13%,17%,5%,---,18%,14%,21%,17%
I kept up with payments without any difficulties,51%,50%,52%,40%,52%,55%,49%,48%,49%,52%,61%,37%,58%,40%,40%,46%,---,55%,48%,59%,33%,62%,45%,---,45%,29%,---,48%,59%,57%,59%,25%,---,36%,43%,66%,81%,40%,41%,68%,-,70%,---,48%,54%,41%,37%,44%,33%,---,36%,29%,43%,56%
Don’t know,2%,2%,2%,4%,3%,2%,1%,0%,3%,1%,2%,2%,1%,4%,3%,4%,---,2%,2%,2%,2%,2%,3%,---,0%,2%,---,2%,3%,1%,0%,6%,---,2%,3%,2%,1%,3%,3%,2%,-,2%,---,2%,1%,2%,3%,1%,0%,---,2%,4%,1%,2%
Not applicable,12%,12%,13%,25%,12%,9%,10%,18%,16%,10%,8%,18%,11%,9%,15%,16%,---,11%,13%,8%,22%,8%,11%,---,14%,26%,---,20%,10%,6%,8%,19%,---,19%,8%,7%,5%,24%,15%,1%,-,1%,---,11%,8%,15%,20%,11%,44%,---,18%,29%,10%,10%
Prefer not to say,5%,5%,5%,3%,7%,5%,2%,3%,6%,4%,3%,7%,3%,5%,6%,8%,---,4%,5%,3%,8%,3%,2%,---,2%,8%,---,0%,3%,4%,5%,14%,---,5%,1%,0%,0%,9%,15%,2%,-,2%,---,3%,2%,3%,3%,4%,8%,---,4%,2%,5%,5%
Weighted N,849,438,411,88,211,338,144,68,299,550,486,363,485,103,125,126,11,330,519,598,251,482,117,34,70,112,35,52,281,187,51,77,9,143,163,138,126,75,149,258,0,230,28,456,251,206,98,107,95,40,222,103,119,623
Unweighted N,826,499,327,94,204,290,160,78,298,528,506,320,542,71,94,100,19*,333,493,570,256,457,113,34*,81,111,30*,55,260,178,54,70,9*,131,147,138,128,76,145,252,0*,224,28*,448,258,190,92,98,86,40*,215,87,128,607
,,,,,,,,,,,,,,,,,,,,,,,,,,,,,,,,,,,,,,,,,,,,,,,,,,,,,,
"YouGov on behalf of GLA. All figures, unless otherwise stated, are from YouGov Plc. Total sample size was 1188 adults. Fieldwork was undertaken between 21st - 26th January 2022.  The survey was carried out online. The figures have been weighted and are representative of all London adults (aged 18+)",,,,,,,,,,,,,,,,,,,,,,,,,,,,,,,,,,,,,,,,,,,,,,,,,,,,,,
,,Gender,,Age,,,,,,,Social Grade,,Ethnicity,,,,,Region,,Employment (1),,Employment (2),,,,,,Work organisation,,,,,,Gross household income,,,,,,House Tenure,,,,,,,,,,,Disability status,,,
Bills,All,Female,Male,18-24,25-34,35-49,50-64,65+,18-34,35+,ABC1,C2DE,White,Asian,Black,Other and Mixed,Refused,Inner London,Outer London,In employment,Not in employment,Full time (30+ hours),Part time (less than 30 hours),Full time student,Retired,Unemployed or not working,Other,Self-employed,Private sector,Public sector or nationalised,Charity/voluntary sector,Other,Have never worked,"Less than £20,000","£20,000 to £39,999","£40,000 to £69,999","£70,000 and over",Don't know,Prefer not to answer,Own (inc part own),Own – outright,Own - Mortgage,"Own (part-own) – through shared ownership scheme (i.e. pay part mortgage, part rent)","Rent (private, LA and HA)",Rent – from a private landlord,Rent - Housing association (HA) and local authority (LA),Rent – from my local authority,Rent – from a housing association,Living with family and friends (whether pay rent or not),Other,Activities limited by health or disability,"Yes, limited a lot","Yes, limited a little",No
I’ve fallen behind on all payments,2%,2%,1%,1%,2%,3%,2%,0%,1%,2%,1%,2%,1%,0%,8%,1%,---,3%,1%,2%,2%,1%,5%,5%,0%,3%,---,2%,2%,1%,0%,4%,---,5%,2%,1%,0%,1%,1%,1%,1%,0%,---,3%,2%,5%,4%,6%,3%,---,2%,4%,1%,2%
I fell behind on some payments,5%,5%,5%,4%,5%,8%,3%,2%,5%,5%,4%,6%,3%,16%,6%,3%,---,4%,5%,4%,6%,4%,5%,3%,2%,9%,---,4%,4%,5%,3%,11%,---,7%,6%,5%,1%,5%,4%,3%,2%,4%,---,6%,4%,9%,7%,10%,6%,---,9%,8%,10%,3%
"I kept up with payments, but it was a constant struggle",8%,8%,9%,8%,9%,6%,10%,10%,8%,8%,6%,11%,8%,9%,11%,6%,---,7%,9%,7%,10%,7%,8%,0%,10%,10%,---,8%,7%,8%,9%,12%,---,15%,12%,5%,3%,3%,7%,6%,3%,8%,---,10%,9%,13%,12%,13%,7%,---,17%,22%,12%,6%
"I kept up with payments, but it was a struggle from time to time",19%,19%,18%,15%,17%,21%,23%,15%,16%,20%,16%,22%,17%,15%,26%,24%,---,19%,19%,20%,17%,18%,25%,10%,18%,21%,---,22%,17%,17%,19%,20%,---,24%,23%,20%,12%,12%,14%,17%,15%,18%,---,27%,26%,27%,28%,27%,8%,---,22%,22%,22%,18%
I kept up with payments without any difficulties,54%,53%,55%,29%,54%,52%,57%,69%,46%,57%,60%,44%,63%,40%,35%,47%,---,55%,53%,58%,47%,62%,45%,25%,67%,39%,---,54%,60%,61%,61%,28%,---,41%,49%,62%,79%,46%,50%,68%,72%,66%,---,46%,51%,39%,38%,39%,41%,---,38%,29%,45%,59%
Don’t know,2%,2%,2%,6%,4%,1%,0%,0%,5%,1%,2%,2%,1%,5%,2%,5%,---,2%,2%,1%,3%,1%,2%,4%,0%,3%,---,4%,2%,0%,0%,7%,---,1%,3%,1%,1%,6%,3%,1%,2%,1%,---,1%,1%,2%,4%,0%,3%,---,2%,3%,0%,2%
Not applicable,7%,8%,7%,35%,5%,5%,3%,3%,15%,4%,8%,7%,6%,13%,6%,10%,---,6%,8%,5%,11%,4%,8%,51%,2%,8%,---,7%,6%,4%,4%,9%,---,7%,4%,5%,4%,22%,10%,2%,4%,1%,---,4%,5%,3%,5%,2%,28%,---,8%,10%,6%,7%
Prefer not to say,3%,4%,3%,2%,5%,4%,2%,1%,4%,3%,2%,5%,2%,3%,6%,5%,---,3%,4%,3%,4%,3%,2%,1%,1%,6%,---,0%,2%,3%,4%,8%,---,1%,1%,1%,0%,5%,12%,1%,1%,2%,---,2%,2%,3%,3%,3%,5%,---,2%,1%,3%,3%
Weighted N,1188,604,584,128,248,383,246,183,376,812,701,487,715,141,148,165,18,409,779,748,440,578,170,57,191,144,47,92,367,262,81,97,16,192,247,191,155,104,226,502,244,230,28,456,251,206,98,107,190,40,295,126,169,888
Unweighted N,1188,694,494,135,239,325,270,219,374,814,751,437,809,104,113,133,29*,420,768,725,463,552,173,59,224,140,40*,96,350,260,87,91,17*,181,240,196,163,105,225,525,273,224,28*,448,258,190,92,98,175,40*,295,111,184,888
,,,,,,,,,,,,,,,,,,,,,,,,,,,,,,,,,,,,,,,,,,,,,,,,,,,,,,
,,Gender,,Age,,,,,,,Social Grade,,Ethnicity,,,,,Region,,Employment (1),,Employment (2),,,,,,Work organisation,,,,,,Gross household income,,,,,,House Tenure,,,,,,,,,,,Disability status,,,
Credit commitments,All,Female,Male,18-24,25-34,35-49,50-64,65+,18-34,35+,ABC1,C2DE,White,Asian,Black,Other and Mixed,Refused,Inner London,Outer London,In employment,Not in employment,Full time (30+ hours),Part time (less than 30 hours),Full time student,Retired,Unemployed or not working,Other,Self-employed,Private sector,Public sector or nationalised,Charity/voluntary sector,Other,Have never worked,"Less than £20,000","£20,000 to £39,999","£40,000 to £69,999","£70,000 and over",Don't know,Prefer not to answer,Own (inc part own),Own – outright,Own - Mortgage,"Own (part-own) – through shared ownership scheme (i.e. pay part mortgage, part rent)","Rent (private, LA and HA)",Rent – from a private landlord,Rent - Housing association (HA) and local authority (LA),Rent – from my local authority,Rent – from a housing association,Living with family and friends (whether pay rent or not),Other,Activities limited by health or disability,"Yes, limited a lot","Yes, limited a little",No
I’ve fallen behind on all payments,2%,2%,1%,0%,2%,3%,2%,0%,1%,2%,2%,2%,1%,2%,6%,0%,---,2%,2%,2%,2%,2%,2%,3%,0%,4%,---,2%,1%,2%,1%,4%,---,3%,2%,2%,0%,1%,2%,1%,0%,1%,---,3%,3%,2%,2%,2%,3%,---,3%,2%,3%,1%
I fell behind on some payments,4%,4%,4%,3%,5%,6%,3%,1%,4%,4%,4%,5%,3%,6%,9%,4%,---,5%,4%,4%,4%,5%,3%,5%,2%,6%,---,6%,5%,3%,3%,5%,---,7%,6%,3%,1%,3%,2%,3%,2%,3%,---,6%,5%,7%,8%,5%,5%,---,7%,9%,6%,3%
"I kept up with payments, but it was a constant struggle",7%,7%,8%,6%,7%,8%,7%,6%,7%,8%,6%,9%,6%,10%,9%,8%,---,6%,8%,7%,7%,7%,8%,3%,6%,5%,---,5%,7%,7%,8%,11%,---,11%,7%,11%,4%,5%,7%,6%,5%,7%,---,9%,7%,11%,10%,11%,6%,---,13%,16%,11%,5%
"I kept up with payments, but it was a struggle from time to time",12%,12%,12%,7%,10%,13%,15%,11%,9%,13%,12%,12%,12%,12%,17%,9%,---,10%,13%,14%,9%,13%,16%,0%,10%,14%,---,18%,10%,11%,10%,10%,---,10%,16%,10%,12%,13%,9%,13%,9%,15%,---,15%,17%,13%,12%,14%,6%,---,16%,16%,16%,11%
I kept up with payments without any difficulties,36%,37%,36%,25%,39%,37%,39%,37%,35%,37%,43%,27%,41%,25%,23%,38%,---,38%,35%,44%,24%,48%,29%,9%,36%,20%,---,32%,42%,46%,32%,17%,---,17%,32%,50%,65%,23%,31%,49%,45%,55%,---,26%,31%,21%,24%,18%,32%,---,21%,16%,25%,42%
Don’t know,3%,2%,3%,6%,5%,2%,0%,0%,6%,1%,2%,3%,1%,5%,5%,4%,---,2%,3%,3%,3%,2%,4%,2%,0%,3%,---,4%,2%,1%,2%,6%,---,4%,2%,2%,1%,8%,2%,2%,1%,1%,---,2%,2%,1%,2%,0%,5%,---,1%,2%,0%,3%
Not applicable,32%,32%,32%,48%,26%,27%,31%,43%,34%,31%,29%,37%,34%,33%,24%,32%,---,33%,32%,24%,46%,20%,37%,78%,44%,42%,---,33%,30%,27%,39%,38%,---,47%,32%,21%,18%,41%,37%,25%,37%,15%,---,38%,34%,43%,40%,45%,38%,---,36%,38%,35%,31%
Prefer not to say,4%,3%,4%,3%,6%,4%,2%,2%,5%,3%,2%,6%,2%,6%,7%,4%,---,3%,4%,3%,5%,3%,2%,1%,2%,6%,---,0%,3%,3%,4%,8%,---,2%,2%,1%,0%,5%,11%,1%,1%,2%,---,2%,2%,3%,1%,5%,6%,---,3%,2%,4%,4%
Weighted N,1188,604,584,128,248,383,246,183,376,812,701,487,715,141,148,165,18,409,779,748,440,578,170,57,191,144,47,92,367,262,81,97,16,192,247,191,155,104,226,502,244,230,28,456,251,206,98,107,190,40,295,126,169,888
Unweighted N,1188,694,494,135,239,325,270,219,374,814,751,437,809,104,113,133,29*,420,768,725,463,552,173,59,224,140,40*,96,350,260,87,91,17*,181,240,196,163,105,225,525,273,224,28*,448,258,190,92,98,175,40*,295,111,184,888
,,,,,,,,,,,,,,,,,,,,,,,,,,,,,,,,,,,,,,,,,,,,,,,,,,,,,,
Weighted,,,,,,,,,,,,,,,,,,,,,,,,,,,,,,,,,,,,,,,,,,,,,,,,,,,,,,
Filters,Jan 22,,,,,,,,,,,,,,,,,,,,,,,,,,,,,,,,,,,,,,,,,,,,,,,,,,,,,
,,,,,,,,,,,,,,,,,,,,,,,,,,,,,,,,,,,,,,,,,,,,,,,,,,,,,,
*Columns with fewer than 50 cases,,,,,,,,,,,,,,,,,,,,,,,,,,,,,,,,,,,,,,,,,,,,,,,,,,,,,,
,,,,,,,,,,,,,,,,,,,,,,,,,,,,,,,,,,,,,,,,,,,,,,,,,,,,,,
"YouGov on behalf of GLA. All figures, unless otherwise stated, are from YouGov Plc. Total sample size was 1188 adults. Fieldwork was undertaken between 21st - 26th January 2022.  The survey was carried out online. The figures have been weighted and are representative of all London adults (aged 18+)",,,,,,,,,,,,,,,,,,,,,,,,,,,,,,,,,,,,,,,,,,,,,,,,,,,,,,
"Meet payments on the following? exc na, dk and prefer not to say",,,,,,,,,,,,,,,,,,,,,,,,,,,,,,,,,,,,,,,,,,,,,,,,,,,,,,
"Thinking about the last six months, have you, or have you not, been able to meet payments on the following?",,,,,,,,,,,,,,,,,,,,,,,,,,,,,,,,,,,,,,,,,,,,,,,,,,,,,,
"Base excludes not applicable, don't know and prefer not to say",,,,,,,,,,,,,,,,,,,,,,,,,,,,,,,,,,,,,,,,,,,,,,,,,,,,,,
,,Gender,,Age,,,,,,,Social Grade,,Ethnicity,,,,,Region,,Employment (1),,Employment (2),,,,,,Work organisation,,,,,,Gross household income,,,,,,House Tenure,,,,,,,,,,,Disability status,,,
Rent or mortgage payments,All,Female,Male,18-24,25-34,35-49,50-64,65+,18-34,35+,ABC1,C2DE,White,Asian,Black,Other and Mixed,Refused,Inner London,Outer London,In employment,Not in employment,Full time (30+ hours),Part time (less than 30 hours),Full time student,Retired,Unemployed or not working,Other,Self-employed,Private sector,Public sector or nationalised,Charity/voluntary sector,Other,Have never worked,"Less than £20,000","£20,000 to £39,999","£40,000 to £69,999","£70,000 and over",Don't know,Prefer not to answer,"ANY Ownership (outright, mortgage, shared ownership)",Own – outright,Own - Mortgage,"Own (part-own) – through shared ownership scheme (i.e. pay part mortgage, part rent)","Rent (private, LA and HA)",Rent – from a private landlord,Rent - Housing association (HA) and local authority (LA),Rent – from my local authority,Rent – from a housing association,Living with family and friends (whether pay rent or not),Other,Activities limited by health or disability,"Yes, limited a lot","Yes, limited a little",No
Struggled to some extent,37%,39%,35%,41%,34%,35%,44%,39%,36%,38%,29%,49%,32%,51%,48%,36%,---,34%,39%,32%,52%,29%,47%,---,46%,54%,---,---,30%,35%,---,---,---,51%,51%,28%,14%,---,40%,28%,-,26%,---,43%,40%,49%,50%,48%,---,---,52%,56%,49%,32%
I’ve fallen behind on all payments,3%,3%,3%,0%,5%,3%,3%,0%,4%,3%,3%,3%,2%,2%,11%,0%,---,5%,2%,3%,4%,1%,7%,---,0%,8%,---,---,4%,0%,---,---,---,6%,3%,3%,1%,---,3%,1%,-,2%,---,4%,2%,5%,4%,6%,---,---,4%,9%,1%,2%
I fell behind on some payments,4%,5%,4%,7%,2%,4%,5%,5%,3%,5%,2%,8%,2%,9%,9%,4%,---,5%,4%,3%,8%,3%,3%,---,4%,7%,---,---,4%,5%,---,---,---,10%,6%,4%,0%,---,2%,1%,-,1%,---,5%,2%,10%,13%,8%,---,---,9%,8%,9%,3%
"I kept up with payments, but it was a constant struggle",9%,8%,9%,11%,9%,6%,13%,11%,9%,8%,7%,12%,8%,18%,7%,3%,---,7%,10%,7%,15%,6%,8%,---,19%,9%,---,---,6%,7%,---,---,---,8%,16%,3%,4%,---,7%,5%,-,5%,---,10%,8%,14%,15%,13%,---,---,15%,17%,14%,7%
"I kept up with payments, but it was a struggle from time to time",21%,23%,20%,23%,18%,22%,23%,24%,20%,22%,18%,27%,20%,22%,20%,29%,---,18%,24%,20%,25%,19%,28%,---,23%,30%,---,---,17%,23%,---,---,---,26%,26%,18%,9%,---,28%,20%,-,18%,---,24%,28%,19%,17%,21%,---,---,24%,22%,25%,21%
I kept up with payments without any difficulties,63%,61%,65%,59%,66%,65%,56%,61%,64%,62%,71%,51%,68%,49%,52%,64%,---,66%,61%,68%,48%,71%,53%,---,54%,46%,---,---,70%,65%,---,---,---,49%,49%,72%,86%,---,60%,72%,-,74%,---,57%,60%,51%,50%,52%,---,---,48%,44%,51%,68%
Weighted N,689,359,329,60,166,284,125,54,226,462,422,266,413,85,95,91,6,276,413,518,171,420,98,24,59,72,16,40,237,166,45,47,4,106,143,126,118,48,100,245,0,220,25,385,223,163,72,90,46,12,168,68,100,518
Unweighted N,677,416,261,66,164,244,139,64,230,447,441,236,464,58,71,74,10*,285,392,498,179,400,98,26*,69,72,12*,45*,221,159,47*,43*,4*,100,128,128,123,49*,96,240,0*,214,26*,382,231,151,70,81,43,12*,166,58,108,509
,,,,,,,,,,,,,,,,,,,,,,,,,,,,,,,,,,,,,,,,,,,,,,,,,,,,,,
,,Gender,,Age,,,,,,,Social Grade,,Ethnicity,,,,,Region,,Employment (1),,Employment (2),,,,,,Work organisation,,,,,,Gross household income,,,,,,House Tenure,,,,,,,,,,,Disability status,,,
Bills,All,Female,Male,18-24,25-34,35-49,50-64,65+,18-34,35+,ABC1,C2DE,White,Asian,Black,Other and Mixed,Refused,Inner London,Outer London,In employment,Not in employment,Full time (30+ hours),Part time (less than 30 hours),Full time student,Retired,Unemployed or not working,Other,Self-employed,Private sector,Public sector or nationalised,Charity/voluntary sector,Other,Have never worked,"Less than £20,000","£20,000 to £39,999","£40,000 to £69,999","£70,000 and over",Don't know,Prefer not to answer,Own (inc part own),Own – outright,Own - Mortgage,"Own (part-own) – through shared ownership scheme (i.e. pay part mortgage, part rent)","Rent (private, LA and HA)",Rent – from a private landlord,Rent - Housing association (HA) and local authority (LA),Rent – from my local authority,Rent – from a housing association,Living with family and friends (whether pay rent or not),Other,Activities limited by health or disability,"Yes, limited a lot","Yes, limited a little",No
Struggled to some extent,38%,39%,38%,49%,37%,42%,40%,28%,40%,38%,32%,49%,32%,50%,59%,42%,---,38%,39%,37%,42%,33%,48%,---,31%,52%,---,40%,33%,34%,34%,63%,---,55%,47%,34%,17%,32%,34%,28%,22%,31%,---,51%,45%,58%,57%,59%,36%,---,57%,66%,50%,32%
I’ve fallen behind on all payments,2%,3%,2%,2%,2%,3%,2%,0%,2%,2%,2%,3%,1%,0%,9%,1%,---,4%,1%,2%,2%,1%,5%,---,0%,4%,---,2%,2%,1%,0%,6%,---,5%,3%,1%,0%,2%,1%,1%,1%,0%,---,3%,2%,5%,4%,6%,4%,---,3%,4%,1%,2%
I fell behind on some payments,5%,5%,6%,8%,5%,8%,3%,2%,6%,5%,4%,7%,3%,20%,7%,3%,---,5%,6%,5%,7%,4%,5%,---,2%,11%,---,4%,4%,6%,4%,15%,---,8%,7%,6%,1%,7%,5%,3%,2%,4%,---,7%,5%,10%,8%,11%,9%,---,10%,10%,11%,4%
"I kept up with payments, but it was a constant struggle",9%,9%,10%,14%,10%,7%,11%,10%,11%,9%,7%,13%,9%,11%,13%,7%,---,8%,10%,8%,12%,8%,9%,---,10%,12%,---,9%,8%,9%,9%,16%,---,16%,13%,5%,4%,5%,9%,6%,4%,8%,---,11%,10%,14%,14%,13%,11%,---,19%,26%,14%,6%
"I kept up with payments, but it was a struggle from time to time",22%,22%,21%,26%,19%,23%,24%,16%,21%,22%,18%,26%,19%,19%,30%,30%,---,21%,22%,22%,21%,20%,29%,---,18%,26%,---,25%,19%,19%,21%,27%,---,26%,25%,22%,13%,17%,18%,18%,16%,19%,---,29%,29%,29%,31%,28%,12%,---,25%,26%,24%,20%
I kept up with payments without any difficulties,62%,61%,62%,51%,63%,58%,60%,72%,60%,62%,68%,51%,68%,50%,41%,58%,---,62%,61%,63%,58%,67%,52%,---,69%,48%,---,60%,67%,66%,66%,37%,---,45%,53%,66%,83%,68%,66%,72%,78%,69%,---,49%,55%,42%,43%,41%,64%,---,43%,34%,50%,68%
Weighted N,1038,522,516,73,214,342,233,176,287,751,619,419,658,112,129,132,8,364,675,682,356,534,148,25,185,119,27,82,331,242,75,74,8,175,229,179,148,69,170,476,227,222,27,422,233,189,87,102,121,20,260,108,151,776
Unweighted N,1040,605,435,80,206,288,255,211,286,754,665,375,743,81,98,106,12*,376,664,660,380,508,152,27*,216,115,22*,88,318,239,80,68,8*,166,221,184,156,70,172,496,253,216,27*,413,238,175,83,92,112,19*,262,97,165,776
,,,,,,,,,,,,,,,,,,,,,,,,,,,,,,,,,,,,,,,,,,,,,,,,,,,,,,
,,Gender,,Age,,,,,,,Social Grade,,Ethnicity,,,,,Region,,Employment (1),,Employment (2),,,,,,Work organisation,,,,,,Gross household income,,,,,,House Tenure,,,,,,,,,,,Disability status,,,
Credit commitments,All,Female,Male,18-24,25-34,35-49,50-64,65+,18-34,35+,ABC1,C2DE,White,Asian,Black,Other and Mixed,Refused,Inner London,Outer London,In employment,Not in employment,Full time (30+ hours),Part time (less than 30 hours),Full time student,Retired,Unemployed or not working,Other,Self-employed,Private sector,Public sector or nationalised,Charity/voluntary sector,Other,Have never worked,"Less than £20,000","£20,000 to £39,999","£40,000 to £69,999","£70,000 and over",Don't know,Prefer not to answer,Own (inc part own),Own – outright,Own - Mortgage,"Own (part-own) – through shared ownership scheme (i.e. pay part mortgage, part rent)","Rent (private, LA and HA)",Rent – from a private landlord,Rent - Housing association (HA) and local authority (LA),Rent – from my local authority,Rent – from a housing association,Living with family and friends (whether pay rent or not),Other,Activities limited by health or disability,"Yes, limited a lot","Yes, limited a little",No
Struggled to some extent,41%,41%,41%,39%,38%,45%,42%,33%,38%,42%,35%,50%,35%,54%,64%,35%,---,37%,43%,38%,48%,36%,49%,---,33%,59%,---,50%,35%,33%,---,---,---,64%,50%,34%,20%,---,38%,31%,26%,32%,---,55%,51%,61%,56%,65%,37%,---,64%,72%,59%,33%
I’ve fallen behind on all payments,3%,4%,2%,0%,3%,5%,3%,0%,2%,3%,3%,3%,2%,4%,9%,0%,---,3%,3%,2%,4%,2%,3%,---,0%,8%,---,3%,2%,3%,---,---,---,6%,3%,3%,0%,---,3%,1%,1%,2%,---,5%,5%,4%,4%,5%,5%,---,4%,3%,5%,2%
I fell behind on some payments,7%,6%,7%,7%,8%,9%,5%,2%,8%,6%,5%,9%,5%,10%,14%,6%,---,8%,6%,6%,9%,6%,4%,---,3%,13%,---,10%,8%,4%,---,---,---,15%,10%,4%,2%,---,5%,4%,3%,4%,---,10%,8%,12%,14%,11%,9%,---,12%,15%,9%,5%
"I kept up with payments, but it was a constant struggle",12%,11%,13%,14%,12%,12%,11%,11%,12%,12%,9%,16%,10%,18%,14%,14%,---,9%,13%,10%,15%,10%,14%,---,11%,10%,---,8%,11%,10%,---,---,---,22%,12%,14%,4%,---,13%,9%,8%,8%,---,15%,11%,20%,17%,23%,12%,---,22%,27%,18%,9%
"I kept up with payments, but it was a struggle from time to time",19%,20%,19%,18%,16%,19%,23%,20%,16%,21%,18%,22%,18%,22%,27%,15%,---,17%,21%,19%,19%,17%,28%,---,19%,28%,---,29%,15%,16%,---,---,---,21%,25%,14%,14%,---,17%,18%,15%,19%,---,25%,27%,24%,21%,27%,11%,---,27%,27%,26%,17%
I kept up with payments without any difficulties,59%,59%,59%,61%,62%,55%,58%,67%,62%,58%,65%,50%,65%,46%,36%,65%,---,63%,57%,62%,52%,64%,51%,---,67%,41%,---,50%,65%,67%,---,---,---,36%,50%,66%,80%,---,62%,69%,74%,68%,---,45%,49%,39%,44%,35%,63%,---,36%,28%,41%,67%
Weighted N,732,377,355,54,157,256,165,101,210,522,464,268,454,79,96,98,6,250,482,526,206,428,98,11,103,71,22,58,238,181,45,46,2,90,158,146,127,47,114,358,148,188,22,266,156,110,55,55,96,12,177,73,104,554
Unweighted N,730,432,298,61,149,222,179,119,210,520,491,239,512,57,74,77,10*,261,469,513,217,409,104,12*,120,69,16*,58,231,177,47*,43*,2*,88,149,147,129,48*,112,363,159,181,23*,265,157,108,52,56,91,11*,174,63,111,555
,,,,,,,,,,,,,,,,,,,,,,,,,,,,,,,,,,,,,,,,,,,,,,,,,,,,,,
Weighted,,,,,,,,,,,,,,,,,,,,,,,,,,,,,,,,,,,,,,,,,,,,,,,,,,,,,,
Filters,Jan 22,,,,,,,,,,,,,,,,,,,,,,,,,,,,,,,,,,,,,,,,,,,,,,,,,,,,,
*Columns with fewer than 50 cases,,,,,,,,,,,,,,,,,,,,,,,,,,,,,,,,,,,,,,,,,,,,,,,,,,,,,,
,,,,,,,,,,,,,,,,,,,,,,,,,,,,,,,,,,,,,,,,,,,,,,,,,,,,,,
"YouGov on behalf of GLA. All figures, unless otherwise stated, are from YouGov Plc. Total sample size was 1188 adults. Fieldwork was undertaken between 21st - 26th January 2022.  The survey was carried out online. The figures have been weighted and are representative of all London adults (aged 18+)",,,,,,,,,,,,,,,,,,,,,,,,,,,,,,,,,,,,,,,,,,,,,,,,,,,,,,
"Thinking about the last six months, which of the following statements describes you?",,,,,,,,,,,,,,,,,,,,,,,,,,,,,,,,,,,,,,,,,,,,,,,,,,,,,,
,,,,,,,,,,,,,,,,,,,,,,,,,,,,,,,,,,,,,,,,,,,,,,,,,,,,,,
,,Gender,,Age,,,,,,,Social Grade,,Ethnicity,,,,,Region,,Employment (1),,Employment (2),,,,,,Work organisation,,,,,,Gross household income,,,,,,House Tenure,,,,,,,,,,,Disability status,,,
,All,Female,Male,18-24,25-34,35-49,50-64,65+,18-34,35+,ABC1,C2DE,White,Asian,Black,Other and Mixed,Refused,Inner London,Outer London,In employment,Not in employment,Full time (30+ hours),Part time (less than 30 hours),Full time student,Retired,Unemployed or not working,Other,Self-employed,Private sector,Public sector or nationalised,Charity/voluntary sector,Other,Have never worked,"Less than £20,000","£20,000 to £39,999","£40,000 to £69,999","£70,000 and over",Don't know,Prefer not to answer,"ANY Ownership (outright, mortgage, shared ownership)",Own – outright,Own - Mortgage,"Own (part-own) – through shared ownership scheme (i.e. pay part mortgage, part rent)","Rent (private, LA and HA)",Rent – from a private landlord,Rent - Housing association (HA) and local authority (LA),Rent – from my local authority,Rent – from a housing association,Living with family and friends (whether pay rent or not),Other,Activities limited by health or disability,"Yes, limited a lot","Yes, limited a little",No
"I have had to buy less food or essential items, go without or rely on outside support (food parcels from a food bank for example) regularly",4%,2%,5%,2%,6%,5%,2%,0%,5%,3%,2%,5%,2%,7%,8%,4%,---,3%,4%,2%,5%,2%,2%,3%,1%,8%,---,4%,3%,2%,5%,10%,---,6%,7%,2%,1%,2%,2%,2%,1%,3%,---,5%,4%,6%,3%,8%,4%,---,9%,14%,4%,2%
"I have had to buy less food or essential items than I needed, go without or rely on outside support (food parcels from a food bank for example) on some occasions",5%,4%,6%,11%,4%,6%,4%,3%,6%,5%,5%,6%,4%,8%,7%,8%,---,5%,5%,6%,4%,4%,11%,10%,4%,3%,---,6%,5%,4%,6%,5%,---,8%,7%,6%,2%,3%,2%,4%,2%,5%,---,7%,6%,8%,7%,9%,5%,---,8%,12%,5%,4%
"I have been able to buy the food and essential items I needed, but it was a constant struggle",13%,13%,12%,13%,12%,12%,16%,10%,12%,13%,9%,17%,11%,13%,18%,13%,---,13%,12%,12%,14%,11%,12%,13%,10%,22%,---,9%,10%,11%,8%,19%,---,26%,13%,10%,3%,8%,9%,8%,7%,8%,---,18%,12%,25%,26%,25%,14%,---,21%,22%,20%,10%
"I have been able to buy the food and essential items I needed, but it was a struggle from time to time",17%,20%,14%,10%,15%,20%,20%,16%,13%,19%,18%,17%,18%,9%,20%,19%,---,17%,17%,18%,16%,16%,22%,8%,17%,18%,---,16%,17%,18%,20%,17%,---,12%,20%,18%,16%,18%,17%,15%,12%,18%,---,24%,26%,21%,23%,19%,8%,---,18%,12%,22%,17%
I have been able to buy the food and essential items I needed without any difficulties,53%,54%,52%,45%,52%,48%,56%,67%,49%,54%,59%,44%,59%,48%,35%,45%,---,53%,53%,56%,48%,59%,45%,46%,66%,36%,---,60%,57%,59%,56%,29%,---,41%,48%,59%,77%,48%,50%,67%,75%,62%,---,40%,48%,29%,29%,30%,52%,---,37%,30%,42%,58%
Don’t know,4%,4%,5%,9%,5%,6%,0%,1%,6%,3%,4%,5%,2%,11%,4%,8%,---,5%,4%,4%,5%,3%,4%,10%,1%,8%,---,4%,4%,2%,4%,11%,---,4%,2%,2%,1%,12%,9%,2%,2%,2%,---,4%,2%,5%,7%,4%,9%,---,3%,6%,1%,5%
Prefer not to say,5%,4%,6%,11%,6%,5%,1%,3%,8%,3%,3%,7%,3%,5%,9%,4%,---,5%,4%,4%,6%,4%,2%,10%,2%,4%,---,2%,4%,4%,3%,11%,---,3%,4%,3%,1%,8%,11%,3%,3%,3%,---,3%,1%,5%,5%,5%,8%,---,5%,4%,5%,4%
Weighted N,1188,604,584,128,248,383,246,183,376,812,701,487,715,141,148,165,18,409,779,748,440,578,170,57,191,144,47,92,367,262,81,97,16,192,247,191,155,104,226,502,244,230,28,456,251,206,98,107,190,40,295,126,169,888
Unweighted N,1188,694,494,135,239,325,270,219,374,814,751,437,809,104,113,133,29*,420,768,725,463,552,173,59,224,140,40*,96,350,260,87,91,17*,181,240,196,163,105,225,525,273,224,28*,448,258,190,92,98,175,40*,295,111,184,888
,,,,,,,,,,,,,,,,,,,,,,,,,,,,,,,,,,,,,,,,,,,,,,,,,,,,,,
Weighted,,,,,,,,,,,,,,,,,,,,,,,,,,,,,,,,,,,,,,,,,,,,,,,,,,,,,,
Filters,Jan 22,,,,,,,,,,,,,,,,,,,,,,,,,,,,,,,,,,,,,,,,,,,,,,,,,,,,,
*Columns with fewer than 50 cases,,,,,,,,,,,,,,,,,,,,,,,,,,,,,,,,,,,,,,,,,,,,,,,,,,,,,,
,,,,,,,,,,,,,,,,,,,,,,,,,,,,,,,,,,,,,,,,,,,,,,,,,,,,,,
,,,,,,,,,,,,,,,,,,,,,,,,,,,,,,,,,,,,,,,,,,,,,,,,,,,,,,
"Overall, for your household, has the cost of living increased, decreased or stayed the same over the last six months?",,,,,,,,,,,,,,,,,,,,,,,,,,,,,,,,,,,,,,,,,,,,,,,,,,,,,,
,,,,,,,,,,,,,,,,,,,,,,,,,,,,,,,,,,,,,,,,,,,,,,,,,,,,,,
,,Gender,,Age,,,,,,,Social Grade,,Ethnicity,,,,,Region,,Employment (1),,Employment (2),,,,,,Work organisation,,,,,,Gross household income,,,,,,House Tenure,,,,,,,,,,,Disability status,,,
,All,Female,Male,18-24,25-34,35-49,50-64,65+,18-34,35+,ABC1,C2DE,White,Asian,Black,Other and Mixed,Refused,Inner London,Outer London,In employment,Not in employment,Full time (30+ hours),Part time (less than 30 hours),Full time student,Retired,Unemployed or not working,Other,Self-employed,Private sector,Public sector or nationalised,Charity/voluntary sector,Other,Have never worked,"Less than £20,000","£20,000 to £39,999","£40,000 to £69,999","£70,000 and over",Don't know,Prefer not to answer,"ANY Ownership (outright, mortgage, shared ownership)",Own – outright,Own - Mortgage,"Own (part-own) – through shared ownership scheme (i.e. pay part mortgage, part rent)","Rent (private, LA and HA)",Rent – from a private landlord,Rent - Housing association (HA) and local authority (LA),Rent – from my local authority,Rent – from a housing association,Living with family and friends (whether pay rent or not),Other,Activities limited by health or disability,"Yes, limited a lot","Yes, limited a little",No
Increased a lot,29%,31%,27%,19%,24%,36%,32%,25%,22%,32%,26%,33%,26%,39%,40%,22%,---,26%,31%,30%,28%,30%,29%,21%,23%,32%,---,22%,27%,25%,26%,31%,---,35%,27%,28%,27%,21%,29%,29%,25%,34%,---,30%,26%,36%,40%,33%,28%,---,36%,43%,30%,27%
Increased a little,50%,50%,50%,37%,50%,44%,58%,62%,46%,52%,53%,47%,57%,31%,45%,45%,---,52%,49%,51%,50%,51%,50%,38%,63%,44%,---,61%,53%,59%,46%,40%,---,44%,55%,58%,58%,43%,44%,56%,59%,51%,---,49%,51%,46%,43%,49%,41%,---,46%,42%,49%,52%
Stayed the same,11%,11%,12%,18%,15%,11%,7%,10%,16%,10%,12%,11%,10%,13%,9%,18%,---,13%,11%,12%,11%,12%,10%,20%,12%,10%,---,6%,13%,10%,20%,8%,---,13%,12%,10%,10%,9%,13%,11%,11%,11%,---,13%,14%,11%,12%,11%,12%,---,10%,8%,11%,12%
Decreased a little,2%,3%,2%,5%,3%,2%,2%,1%,4%,2%,2%,3%,2%,3%,1%,6%,---,2%,3%,3%,2%,2%,3%,3%,1%,4%,---,1%,2%,3%,1%,3%,---,3%,2%,1%,2%,4%,2%,1%,1%,1%,---,3%,4%,2%,2%,2%,3%,---,4%,3%,5%,2%
Decreased a lot,1%,0%,1%,1%,0%,1%,0%,0%,0%,1%,1%,0%,1%,0%,0%,1%,---,1%,0%,1%,0%,0%,2%,0%,0%,0%,---,1%,0%,2%,0%,1%,---,0%,1%,0%,0%,0%,2%,0%,1%,0%,---,1%,0%,2%,0%,4%,0%,---,1%,0%,1%,1%
Don’t know,6%,5%,7%,21%,8%,6%,1%,1%,12%,4%,6%,7%,4%,14%,5%,8%,---,5%,7%,5%,9%,4%,6%,17%,1%,9%,---,9%,5%,1%,6%,17%,---,4%,4%,3%,3%,23%,11%,3%,4%,3%,---,4%,5%,3%,3%,2%,15%,---,4%,4%,3%,7%
Weighted N,1188,604,584,128,248,383,246,183,376,812,701,487,715,141,148,165,18,409,779,748,440,578,170,57,191,144,47,92,367,262,81,97,16,192,247,191,155,104,226,502,244,230,28,456,251,206,98,107,190,40,295,126,169,888
Unweighted N,1188,694,494,135,239,325,270,219,374,814,751,437,809,104,113,133,29*,420,768,725,463,552,173,59,224,140,40*,96,350,260,87,91,17*,181,240,196,163,105,225,525,273,224,28*,448,258,190,92,98,175,40*,295,111,184,888
,,,,,,,,,,,,,,,,,,,,,,,,,,,,,,,,,,,,,,,,,,,,,,,,,,,,,,
Weighted,,,,,,,,,,,,,,,,,,,,,,,,,,,,,,,,,,,,,,,,,,,,,,,,,,,,,,
Filters,Jan 22,,,,,,,,,,,,,,,,,,,,,,,,,,,,,,,,,,,,,,,,,,,,,,,,,,,,,
*Columns with fewer than 50 cases,,,,,,,,,,,,,,,,,,,,,,,,,,,,,,,,,,,,,,,,,,,,,,,,,,,,,,
,,,,,,,,,,,,,,,,,,,,,,,,,,,,,,,,,,,,,,,,,,,,,,,,,,,,,,
"YouGov on behalf of GLA. All figures, unless otherwise stated, are from YouGov Plc. Total sample size was 1188 adults. Fieldwork was undertaken between 21st - 26th January 2022.  The survey was carried out online. The figures have been weighted and are representative of all London adults (aged 18+)",,,,,,,,,,,,,,,,,,,,,,,,,,,,,,,,,,,,,,,,,,,,,,,,,,,,,,
"To what extent have each of the following living costs increased, decreased or stayed the same for your household over the last six months?",,,,,,,,,,,,,,,,,,,,,,,,,,,,,,,,,,,,,,,,,,,,,,,,,,,,,,
,,,,,,,,,,,,,,,,,,,,,,,,,,,,,,,,,,,,,,,,,,,,,,,,,,,,,,
,,Gender,,Age,,,,,,,Social Grade,,Ethnicity,,,,,Region,,Employment (1),,Employment (2),,,,,,Work organisation,,,,,,Gross household income,,,,,,House Tenure,,,,,,,,,,,Disability status,,,
Regular household shop (for food and essential items),All,Female,Male,18-24,25-34,35-49,50-64,65+,18-34,35+,ABC1,C2DE,White,Asian,Black,Other and Mixed,Refused,Inner London,Outer London,In employment,Not in employment,Full time (30+ hours),Part time (less than 30 hours),Full time student,Retired,Unemployed or not working,Other,Self-employed,Private sector,Public sector or nationalised,Charity/voluntary sector,Other,Have never worked,"Less than £20,000","£20,000 to £39,999","£40,000 to £69,999","£70,000 and over",Don't know,Prefer not to answer,"ANY Ownership (outright, mortgage, shared ownership)",Own – outright,Own - Mortgage,"Own (part-own) – through shared ownership scheme (i.e. pay part mortgage, part rent)","Rent (private, LA and HA)",Rent – from a private landlord,Rent - Housing association (HA) and local authority (LA),Rent – from my local authority,Rent – from a housing association,Living with family and friends (whether pay rent or not),Other,Activities limited by health or disability,"Yes, limited a lot","Yes, limited a little",No
Increased a lot,31%,35%,27%,12%,26%,36%,39%,30%,21%,36%,30%,33%,32%,32%,36%,24%,---,27%,33%,31%,31%,31%,31%,16%,30%,33%,---,25%,26%,32%,33%,37%,---,34%,32%,32%,29%,17%,31%,31%,32%,30%,---,34%,29%,39%,43%,34%,25%,---,40%,42%,38%,28%
Increased a little,42%,40%,45%,35%,39%,41%,44%,53%,38%,44%,44%,40%,46%,34%,33%,41%,---,46%,40%,44%,39%,44%,43%,30%,53%,33%,---,49%,44%,50%,42%,30%,---,40%,43%,50%,46%,25%,41%,48%,50%,46%,---,40%,42%,37%,38%,37%,37%,---,37%,32%,40%,44%
Stayed the same,17%,16%,19%,23%,23%,18%,12%,12%,23%,15%,18%,17%,17%,16%,21%,20%,---,18%,17%,17%,18%,18%,16%,25%,14%,22%,---,19%,21%,13%,18%,14%,---,19%,16%,13%,21%,28%,14%,16%,14%,19%,---,19%,22%,15%,9%,20%,20%,---,14%,11%,16%,19%
Decreased a little,2%,2%,2%,6%,1%,2%,2%,2%,3%,2%,2%,2%,2%,2%,2%,3%,---,3%,2%,2%,2%,2%,4%,5%,1%,3%,---,2%,3%,2%,2%,3%,---,3%,2%,2%,2%,2%,3%,2%,1%,3%,---,3%,3%,3%,1%,4%,0%,---,3%,7%,0%,2%
Decreased a lot,0%,1%,0%,1%,1%,1%,0%,0%,1%,0%,0%,1%,0%,0%,2%,1%,---,0%,1%,1%,0%,1%,1%,0%,0%,0%,---,0%,1%,0%,0%,2%,---,1%,1%,0%,0%,0%,1%,0%,1%,0%,---,1%,0%,2%,1%,2%,0%,---,2%,2%,1%,0%
Don’t know,7%,6%,7%,23%,11%,3%,1%,3%,15%,3%,6%,7%,4%,15%,5%,11%,---,6%,7%,5%,10%,5%,6%,25%,2%,9%,---,6%,6%,3%,5%,13%,---,2%,5%,3%,2%,28%,10%,3%,3%,3%,---,4%,3%,5%,7%,3%,18%,---,5%,6%,4%,7%
Weighted N,1188,604,584,128,248,383,246,183,376,812,701,487,715,141,148,165,18,409,779,748,440,578,170,57,191,144,47,92,367,262,81,97,16,192,247,191,155,104,226,502,244,230,28,456,251,206,98,107,190,40,295,126,169,888
Unweighted N,1188,694,494,135,239,325,270,219,374,814,751,437,809,104,113,133,29*,420,768,725,463,552,173,59,224,140,40*,96,350,260,87,91,17*,181,240,196,163,105,225,525,273,224,28*,448,258,190,92,98,175,40*,295,111,184,888
,,,,,,,,,,,,,,,,,,,,,,,,,,,,,,,,,,,,,,,,,,,,,,,,,,,,,,
,,Gender,,Age,,,,,,,Social Grade,,Ethnicity,,,,,Region,,Employment (1),,Employment (2),,,,,,Work organisation,,,,,,Gross household income,,,,,,House Tenure,,,,,,,,,,,Disability status,,,
"Rent, mortgage or housing payments",All,Female,Male,18-24,25-34,35-49,50-64,65+,18-34,35+,ABC1,C2DE,White,Asian,Black,Other and Mixed,Refused,Inner London,Outer London,In employment,Not in employment,Full time (30+ hours),Part time (less than 30 hours),Full time student,Retired,Unemployed or not working,Other,Self-employed,Private sector,Public sector or nationalised,Charity/voluntary sector,Other,Have never worked,"Less than £20,000","£20,000 to £39,999","£40,000 to £69,999","£70,000 and over",Don't know,Prefer not to answer,Own (inc part own),Own – outright,Own - Mortgage,"Own (part-own) – through shared ownership scheme (i.e. pay part mortgage, part rent)","Rent (private, LA and HA)",Rent – from a private landlord,Rent - Housing association (HA) and local authority (LA),Rent – from my local authority,Rent – from a housing association,Living with family and friends (whether pay rent or not),Other,Activities limited by health or disability,"Yes, limited a lot","Yes, limited a little",No
Increased a lot,8%,8%,8%,5%,10%,12%,5%,3%,8%,8%,7%,10%,6%,18%,12%,7%,---,7%,8%,9%,6%,9%,9%,10%,3%,8%,---,4%,7%,10%,1%,7%,---,8%,7%,11%,4%,7%,8%,5%,3%,6%,---,10%,9%,11%,7%,15%,9%,---,9%,11%,8%,8%
Increased a little,16%,16%,17%,13%,16%,17%,19%,13%,15%,17%,14%,19%,17%,13%,21%,13%,---,18%,15%,17%,14%,17%,18%,11%,13%,19%,---,12%,17%,18%,13%,16%,---,20%,16%,16%,19%,8%,16%,14%,6%,19%,---,22%,18%,27%,27%,27%,10%,---,20%,20%,20%,15%
Stayed the same,56%,57%,55%,39%,53%,59%,60%,57%,48%,59%,60%,49%,59%,41%,54%,57%,---,59%,54%,58%,51%,60%,54%,44%,56%,51%,---,55%,60%,56%,71%,51%,---,52%,56%,61%,67%,46%,49%,61%,56%,67%,---,58%,63%,51%,56%,47%,44%,---,48%,47%,49%,58%
Decreased a little,3%,2%,3%,9%,4%,2%,1%,1%,6%,1%,3%,2%,2%,7%,2%,3%,---,2%,3%,3%,2%,3%,2%,4%,1%,2%,---,1%,4%,2%,3%,3%,---,5%,3%,2%,2%,4%,1%,3%,1%,4%,---,3%,3%,4%,3%,4%,2%,---,2%,2%,3%,3%
Decreased a lot,1%,1%,1%,1%,1%,1%,2%,0%,1%,1%,1%,1%,1%,0%,3%,1%,---,1%,1%,1%,1%,1%,2%,0%,1%,1%,---,1%,1%,1%,2%,2%,---,1%,1%,1%,1%,0%,1%,1%,2%,0%,---,1%,0%,1%,1%,1%,1%,---,1%,1%,1%,1%
Don’t know,16%,16%,17%,32%,15%,9%,14%,26%,21%,14%,14%,19%,16%,22%,8%,20%,---,12%,19%,11%,26%,10%,15%,32%,26%,20%,---,26%,11%,14%,9%,23%,---,14%,16%,8%,7%,36%,25%,17%,32%,3%,---,7%,7%,6%,7%,6%,34%,---,18%,19%,18%,16%
Weighted N,1188,604,584,128,248,383,246,183,376,812,701,487,715,141,148,165,18,409,779,748,440,578,170,57,191,144,47,92,367,262,81,97,16,192,247,191,155,104,226,502,244,230,28,456,251,206,98,107,190,40,295,126,169,888
Unweighted N,1188,694,494,135,239,325,270,219,374,814,751,437,809,104,113,133,29*,420,768,725,463,552,173,59,224,140,40*,96,350,260,87,91,17*,181,240,196,163,105,225,525,273,224,28*,448,258,190,92,98,175,40*,295,111,184,888
,,,,,,,,,,,,,,,,,,,,,,,,,,,,,,,,,,,,,,,,,,,,,,,,,,,,,,
,,Gender,,Age,,,,,,,Social Grade,,Ethnicity,,,,,Region,,Employment (1),,Employment (2),,,,,,Work organisation,,,,,,Gross household income,,,,,,House Tenure,,,,,,,,,,,Disability status,,,
Energy bills (gas and/or electricity),All,Female,Male,18-24,25-34,35-49,50-64,65+,18-34,35+,ABC1,C2DE,White,Asian,Black,Other and Mixed,Refused,Inner London,Outer London,In employment,Not in employment,Full time (30+ hours),Part time (less than 30 hours),Full time student,Retired,Unemployed or not working,Other,Self-employed,Private sector,Public sector or nationalised,Charity/voluntary sector,Other,Have never worked,"Less than £20,000","£20,000 to £39,999","£40,000 to £69,999","£70,000 and over",Don't know,Prefer not to answer,Own (inc part own),Own – outright,Own - Mortgage,"Own (part-own) – through shared ownership scheme (i.e. pay part mortgage, part rent)","Rent (private, LA and HA)",Rent – from a private landlord,Rent - Housing association (HA) and local authority (LA),Rent – from my local authority,Rent – from a housing association,Living with family and friends (whether pay rent or not),Other,Activities limited by health or disability,"Yes, limited a lot","Yes, limited a little",No
Increased a lot,43%,44%,43%,21%,43%,49%,47%,43%,36%,47%,44%,43%,45%,45%,44%,37%,---,42%,44%,44%,43%,45%,40%,24%,42%,48%,---,38%,43%,39%,38%,44%,---,39%,44%,47%,43%,28%,48%,47%,47%,49%,---,43%,42%,43%,39%,47%,36%,---,49%,56%,44%,42%
Increased a little,29%,30%,28%,24%,28%,25%,36%,32%,27%,30%,29%,29%,31%,20%,27%,28%,---,31%,28%,30%,27%,29%,33%,18%,34%,26%,---,33%,26%,41%,30%,26%,---,35%,31%,29%,32%,26%,22%,31%,32%,30%,---,31%,29%,33%,38%,28%,24%,---,25%,21%,29%,30%
Stayed the same,15%,15%,16%,21%,11%,16%,14%,18%,15%,16%,16%,15%,16%,11%,16%,18%,---,16%,15%,17%,13%,16%,19%,19%,18%,6%,---,19%,19%,13%,19%,12%,---,17%,16%,17%,17%,13%,13%,16%,16%,14%,---,17%,20%,15%,15%,15%,9%,---,10%,9%,11%,17%
Decreased a little,1%,1%,2%,1%,1%,2%,0%,1%,1%,1%,1%,2%,1%,4%,3%,0%,---,2%,1%,1%,2%,1%,0%,3%,2%,4%,---,0%,1%,2%,3%,3%,---,2%,1%,1%,1%,1%,1%,1%,0%,1%,---,2%,1%,3%,0%,6%,0%,---,4%,3%,5%,0%
Decreased a lot,0%,0%,0%,2%,0%,0%,0%,0%,1%,0%,0%,0%,0%,1%,1%,1%,---,0%,0%,0%,1%,0%,0%,1%,0%,1%,---,0%,0%,0%,0%,2%,---,1%,1%,0%,0%,0%,0%,0%,1%,0%,---,0%,0%,1%,1%,0%,0%,---,1%,0%,1%,0%
Don’t know,11%,10%,11%,30%,16%,8%,3%,6%,21%,6%,10%,12%,8%,20%,9%,15%,---,9%,11%,9%,14%,9%,9%,35%,4%,15%,---,10%,10%,5%,10%,13%,---,6%,7%,6%,6%,32%,16%,5%,4%,5%,---,7%,8%,6%,8%,4%,30%,---,11%,12%,11%,10%
Weighted N,1188,604,584,128,248,383,246,183,376,812,701,487,715,141,148,165,18,409,779,748,440,578,170,57,191,144,47,92,367,262,81,97,16,192,247,191,155,104,226,502,244,230,28,456,251,206,98,107,190,40,295,126,169,888
Unweighted N,1188,694,494,135,239,325,270,219,374,814,751,437,809,104,113,133,29*,420,768,725,463,552,173,59,224,140,40*,96,350,260,87,91,17*,181,240,196,163,105,225,525,273,224,28*,448,258,190,92,98,175,40*,295,111,184,888
,,,,,,,,,,,,,,,,,,,,,,,,,,,,,,,,,,,,,,,,,,,,,,,,,,,,,,
"YouGov on behalf of GLA. All figures, unless otherwise stated, are from YouGov Plc. Total sample size was 1188 adults. Fieldwork was undertaken between 21st - 26th January 2022.  The survey was carried out online. The figures have been weighted and are representative of all London adults (aged 18+)",,,,,,,,,,,,,,,,,,,,,,,,,,,,,,,,,,,,,,,,,,,,,,,,,,,,,,
,,Gender,,Age,,,,,,,Social Grade,,Ethnicity,,,,,Region,,Employment (1),,Employment (2),,,,,,Work organisation,,,,,,Gross household income,,,,,,House Tenure,,,,,,,,,,,Disability status,,,
"Other household bills (e.g. council tax, water, phone / broadband, childcare)",All,Female,Male,18-24,25-34,35-49,50-64,65+,18-34,35+,ABC1,C2DE,White,Asian,Black,Other and Mixed,Refused,Inner London,Outer London,In employment,Not in employment,Full time (30+ hours),Part time (less than 30 hours),Full time student,Retired,Unemployed or not working,Other,Self-employed,Private sector,Public sector or nationalised,Charity/voluntary sector,Other,Have never worked,"Less than £20,000","£20,000 to £39,999","£40,000 to £69,999","£70,000 and over",Don't know,Prefer not to answer,Own (inc part own),Own – outright,Own - Mortgage,"Own (part-own) – through shared ownership scheme (i.e. pay part mortgage, part rent)","Rent (private, LA and HA)",Rent – from a private landlord,Rent - Housing association (HA) and local authority (LA),Rent – from my local authority,Rent – from a housing association,Living with family and friends (whether pay rent or not),Other,Activities limited by health or disability,"Yes, limited a lot","Yes, limited a little",No
Increased a lot,21%,23%,19%,15%,18%,24%,26%,17%,17%,23%,19%,24%,20%,30%,24%,16%,---,18%,23%,21%,21%,21%,21%,14%,18%,20%,---,12%,21%,20%,21%,25%,---,24%,19%,23%,18%,13%,23%,22%,20%,25%,---,19%,15%,24%,26%,22%,23%,---,25%,27%,24%,20%
Increased a little,40%,40%,39%,22%,38%,40%,45%,47%,33%,43%,43%,35%,44%,25%,40%,35%,---,39%,40%,42%,36%,42%,44%,22%,46%,32%,---,51%,36%,46%,28%,38%,---,35%,41%,42%,45%,30%,38%,48%,51%,46%,---,38%,40%,35%,34%,37%,26%,---,36%,37%,36%,41%
Stayed the same,26%,24%,27%,26%,24%,26%,25%,28%,25%,26%,26%,25%,26%,19%,22%,31%,---,31%,23%,25%,26%,26%,22%,31%,30%,27%,---,25%,30%,26%,38%,18%,---,30%,26%,28%,31%,22%,21%,24%,23%,23%,---,31%,33%,28%,26%,30%,18%,---,23%,20%,26%,26%
Decreased a little,2%,1%,3%,4%,3%,2%,0%,1%,3%,1%,2%,2%,2%,2%,0%,3%,---,3%,1%,2%,2%,1%,3%,4%,1%,2%,---,0%,1%,2%,4%,5%,---,2%,3%,2%,1%,1%,2%,1%,1%,1%,---,3%,3%,3%,0%,6%,2%,---,3%,2%,4%,1%
Decreased a lot,1%,1%,2%,4%,2%,1%,0%,0%,3%,1%,1%,2%,0%,3%,3%,3%,---,1%,1%,1%,1%,1%,2%,0%,0%,2%,---,3%,2%,1%,1%,1%,---,4%,1%,0%,0%,2%,1%,1%,0%,1%,---,1%,0%,3%,4%,2%,3%,---,2%,5%,0%,1%
Don’t know,10%,11%,10%,28%,15%,8%,3%,6%,19%,6%,9%,12%,8%,20%,10%,12%,---,8%,12%,9%,14%,8%,9%,29%,5%,17%,---,9%,9%,6%,9%,13%,---,6%,9%,5%,5%,32%,14%,4%,5%,4%,---,8%,10%,6%,10%,3%,28%,---,10%,10%,11%,10%
Weighted N,1188,604,584,128,248,383,246,183,376,812,701,487,715,141,148,165,18,409,779,748,440,578,170,57,191,144,47,92,367,262,81,97,16,192,247,191,155,104,226,502,244,230,28,456,251,206,98,107,190,40,295,126,169,888
Unweighted N,1188,694,494,135,239,325,270,219,374,814,751,437,809,104,113,133,29*,420,768,725,463,552,173,59,224,140,40*,96,350,260,87,91,17*,181,240,196,163,105,225,525,273,224,28*,448,258,190,92,98,175,40*,295,111,184,888
,,,,,,,,,,,,,,,,,,,,,,,,,,,,,,,,,,,,,,,,,,,,,,,,,,,,,,
,,Gender,,Age,,,,,,,Social Grade,,Ethnicity,,,,,Region,,Employment (1),,Employment (2),,,,,,Work organisation,,,,,,Gross household income,,,,,,House Tenure,,,,,,,,,,,Disability status,,,
"Day to day transport costs (e.g. fuel costs, bus, train or tram fares)",All,Female,Male,18-24,25-34,35-49,50-64,65+,18-34,35+,ABC1,C2DE,White,Asian,Black,Other and Mixed,Refused,Inner London,Outer London,In employment,Not in employment,Full time (30+ hours),Part time (less than 30 hours),Full time student,Retired,Unemployed or not working,Other,Self-employed,Private sector,Public sector or nationalised,Charity/voluntary sector,Other,Have never worked,"Less than £20,000","£20,000 to £39,999","£40,000 to £69,999","£70,000 and over",Don't know,Prefer not to answer,Own (inc part own),Own – outright,Own - Mortgage,"Own (part-own) – through shared ownership scheme (i.e. pay part mortgage, part rent)","Rent (private, LA and HA)",Rent – from a private landlord,Rent - Housing association (HA) and local authority (LA),Rent – from my local authority,Rent – from a housing association,Living with family and friends (whether pay rent or not),Other,Activities limited by health or disability,"Yes, limited a lot","Yes, limited a little",No
Increased a lot,21%,22%,19%,18%,20%,22%,23%,18%,19%,21%,18%,25%,19%,26%,25%,17%,---,17%,22%,21%,21%,21%,19%,21%,20%,19%,---,16%,18%,18%,12%,22%,---,21%,20%,23%,15%,18%,21%,21%,20%,21%,---,20%,20%,19%,18%,20%,22%,---,25%,29%,21%,19%
Increased a little,28%,26%,31%,21%,28%,31%,32%,22%,26%,30%,31%,25%,30%,25%,27%,29%,---,30%,27%,31%,23%,31%,33%,15%,22%,30%,---,32%,32%,33%,30%,19%,---,22%,34%,29%,36%,17%,30%,30%,29%,31%,---,28%,33%,23%,26%,20%,25%,---,24%,22%,25%,30%
Stayed the same,32%,31%,33%,27%,30%,30%,32%,41%,29%,33%,33%,30%,32%,27%,34%,30%,---,35%,30%,31%,34%,32%,26%,37%,41%,28%,---,34%,36%,32%,43%,26%,---,41%,29%,36%,33%,30%,24%,33%,35%,33%,---,34%,31%,37%,37%,36%,25%,---,31%,26%,35%,32%
Decreased a little,3%,3%,3%,9%,5%,2%,1%,1%,6%,2%,4%,3%,3%,3%,1%,5%,---,2%,4%,4%,3%,3%,6%,5%,2%,4%,---,3%,3%,4%,5%,3%,---,3%,2%,3%,4%,8%,1%,3%,1%,4%,---,3%,3%,4%,1%,6%,4%,---,3%,2%,3%,3%
Decreased a lot,3%,4%,3%,4%,7%,4%,1%,0%,6%,2%,4%,2%,3%,2%,4%,3%,---,4%,3%,4%,2%,4%,4%,2%,1%,1%,---,0%,3%,3%,1%,3%,---,2%,2%,1%,8%,3%,2%,3%,2%,4%,---,3%,3%,2%,2%,3%,3%,---,2%,3%,1%,4%
Don’t know,13%,14%,12%,21%,11%,11%,10%,17%,14%,12%,11%,16%,12%,17%,8%,15%,---,11%,13%,10%,18%,9%,12%,19%,14%,18%,---,15%,8%,11%,10%,27%,---,11%,13%,7%,4%,25%,21%,9%,12%,6%,---,12%,10%,15%,16%,15%,20%,---,15%,17%,14%,12%
Weighted N,1188,604,584,128,248,383,246,183,376,812,701,487,715,141,148,165,18,409,779,748,440,578,170,57,191,144,47,92,367,262,81,97,16,192,247,191,155,104,226,502,244,230,28,456,251,206,98,107,190,40,295,126,169,888
Unweighted N,1188,694,494,135,239,325,270,219,374,814,751,437,809,104,113,133,29*,420,768,725,463,552,173,59,224,140,40*,96,350,260,87,91,17*,181,240,196,163,105,225,525,273,224,28*,448,258,190,92,98,175,40*,295,111,184,888
,,,,,,,,,,,,,,,,,,,,,,,,,,,,,,,,,,,,,,,,,,,,,,,,,,,,,,
,,Gender,,Age,,,,,,,Social Grade,,Ethnicity,,,,,Region,,Employment (1),,Employment (2),,,,,,Work organisation,,,,,,Gross household income,,,,,,House Tenure,,,,,,,,,,,Disability status,,,
"Leisure costs and non-essential shopping (e.g. social activities, eating or drinking out of home, hobbies, holidays)",All,Female,Male,18-24,25-34,35-49,50-64,65+,18-34,35+,ABC1,C2DE,White,Asian,Black,Other and Mixed,Refused,Inner London,Outer London,In employment,Not in employment,Full time (30+ hours),Part time (less than 30 hours),Full time student,Retired,Unemployed or not working,Other,Self-employed,Private sector,Public sector or nationalised,Charity/voluntary sector,Other,Have never worked,"Less than £20,000","£20,000 to £39,999","£40,000 to £69,999","£70,000 and over",Don't know,Prefer not to answer,Own (inc part own),Own – outright,Own - Mortgage,"Own (part-own) – through shared ownership scheme (i.e. pay part mortgage, part rent)","Rent (private, LA and HA)",Rent – from a private landlord,Rent - Housing association (HA) and local authority (LA),Rent – from my local authority,Rent – from a housing association,Living with family and friends (whether pay rent or not),Other,Activities limited by health or disability,"Yes, limited a lot","Yes, limited a little",No
Increased a lot,16%,17%,14%,10%,15%,19%,16%,15%,13%,17%,17%,15%,17%,18%,16%,11%,---,16%,16%,17%,13%,18%,16%,15%,15%,13%,---,12%,15%,17%,12%,8%,---,18%,16%,17%,18%,13%,12%,16%,15%,16%,---,15%,17%,13%,11%,15%,17%,---,15%,8%,20%,16%
Increased a little,33%,33%,32%,26%,34%,31%,37%,34%,31%,33%,35%,29%,34%,24%,33%,34%,---,33%,33%,34%,31%,35%,31%,23%,34%,35%,---,30%,34%,34%,33%,26%,---,24%,28%,42%,42%,19%,35%,38%,40%,34%,---,29%,34%,23%,28%,19%,29%,---,32%,32%,31%,33%
Stayed the same,25%,22%,28%,27%,25%,26%,25%,24%,26%,25%,26%,25%,26%,21%,20%,27%,---,27%,24%,27%,23%,26%,28%,27%,25%,22%,---,35%,27%,26%,31%,17%,---,25%,23%,27%,26%,30%,25%,26%,25%,28%,---,27%,27%,26%,22%,30%,25%,---,22%,22%,21%,27%
Decreased a little,6%,6%,7%,9%,8%,6%,6%,3%,8%,5%,6%,6%,6%,9%,8%,4%,---,6%,6%,7%,5%,7%,7%,11%,5%,3%,---,6%,8%,4%,10%,1%,---,8%,9%,6%,4%,5%,3%,5%,5%,6%,---,8%,10%,6%,4%,8%,5%,---,5%,2%,8%,7%
Decreased a lot,5%,5%,4%,2%,3%,6%,5%,5%,2%,5%,3%,6%,3%,7%,6%,6%,---,3%,5%,3%,6%,3%,4%,3%,5%,4%,---,5%,2%,6%,2%,12%,---,8%,6%,1%,3%,2%,5%,5%,5%,5%,---,6%,4%,9%,6%,11%,0%,---,8%,12%,6%,3%
Don’t know,15%,16%,14%,25%,16%,13%,11%,18%,19%,14%,13%,19%,13%,20%,16%,18%,---,14%,16%,12%,22%,11%,13%,22%,16%,23%,---,13%,14%,12%,12%,36%,---,18%,17%,6%,7%,30%,21%,11%,11%,12%,---,15%,8%,22%,28%,17%,24%,---,18%,23%,14%,14%
Weighted N,1188,604,584,128,248,383,246,183,376,812,701,487,715,141,148,165,18,409,779,748,440,578,170,57,191,144,47,92,367,262,81,97,16,192,247,191,155,104,226,502,244,230,28,456,251,206,98,107,190,40,295,126,169,888
Unweighted N,1188,694,494,135,239,325,270,219,374,814,751,437,809,104,113,133,29*,420,768,725,463,552,173,59,224,140,40*,96,350,260,87,91,17*,181,240,196,163,105,225,525,273,224,28*,448,258,190,92,98,175,40*,295,111,184,888
,,,,,,,,,,,,,,,,,,,,,,,,,,,,,,,,,,,,,,,,,,,,,,,,,,,,,,
Weighted,,,,,,,,,,,,,,,,,,,,,,,,,,,,,,,,,,,,,,,,,,,,,,,,,,,,,,
Filters,Jan 22,,,,,,,,,,,,,,,,,,,,,,,,,,,,,,,,,,,,,,,,,,,,,,,,,,,,,
*Columns with fewer than 50 cases,,,,,,,,,,,,,,,,,,,,,,,,,,,,,,,,,,,,,,,,,,,,,,,,,,,,,,
,,,,,,,,,,,,,,,,,,,,,,,,,,,,,,,,,,,,,,,,,,,,,,,,,,,,,,
"YouGov on behalf of GLA. All figures, unless otherwise stated, are from YouGov Plc. Total sample size was 1188 adults. Fieldwork was undertaken between 21st - 26th January 2022.  The survey was carried out online. The figures have been weighted and are representative of all London adults (aged 18+)",,,,,,,,,,,,,,,,,,,,,,,,,,,,,,,,,,,,,,,,,,,,,,,,,,,,,,
"Combined responses from Which, if any, of the following are you doing to help manage living costs?",,,,,,,,,,,,,,,,,,,,,,,,,,,,,,,,,,,,,,,,,,,,,,,,,,,,,,
,,,,,,,,,,,,,,,,,,,,,,,,,,,,,,,,,,,,,,,,,,,,,,,,,,,,,,
,,Gender,,Age,,,,,,,Social Grade,,Ethnicity,,,,,Region,,Employment (1),,Employment (2),,,,,,Work organisation,,,,,,Gross household income,,,,,,House Tenure,,,,,,,,,,,Disability status,,,
,All,Female,Male,18-24,25-34,35-49,50-64,65+,18-34,35+,ABC1,C2DE,White,Asian,Black,Other and Mixed,Refused,Inner London,Outer London,In employment,Not in employment,Full time (30+ hours),Part time (less than 30 hours),Full time student,Retired,Unemployed or not working,Other,Self-employed,Private sector,Public sector or nationalised,Charity/voluntary sector,Other,Have never worked,"Less than £20,000","£20,000 to £39,999","£40,000 to £69,999","£70,000 and over",Don't know,Prefer not to answer,"ANY Ownership (outright, mortgage, shared ownership)",Own – outright,Own - Mortgage,"Own (part-own) – through shared ownership scheme (i.e. pay part mortgage, part rent)","Rent (private, LA and HA)",Rent – from a private landlord,Rent - Housing association (HA) and local authority (LA),Rent – from my local authority,Rent – from a housing association,Living with family and friends (whether pay rent or not),Other,Activities limited by health or disability,"Yes, limited a lot","Yes, limited a little",No
ANY Reducing costs,73%,78%,67%,72%,74%,75%,74%,65%,74%,72%,71%,75%,70%,69%,89%,75%,---,75%,72%,73%,72%,73%,75%,82%,65%,79%,---,68%,72%,67%,68%,74%,---,82%,73%,74%,64%,67%,65%,68%,64%,70%,---,82%,81%,82%,83%,82%,69%,---,82%,83%,81%,70%
ANY Removing costs,58%,66%,51%,57%,59%,58%,61%,54%,59%,58%,60%,56%,59%,54%,65%,57%,---,61%,57%,58%,59%,57%,60%,60%,53%,65%,---,52%,52%,58%,53%,61%,---,62%,60%,61%,55%,50%,49%,56%,56%,55%,---,65%,69%,60%,65%,56%,52%,---,66%,64%,67%,56%
ANY Credit or monetary solutions,51%,53%,48%,42%,50%,52%,55%,48%,47%,52%,51%,51%,51%,50%,58%,45%,---,54%,49%,51%,50%,51%,50%,47%,49%,54%,---,52%,48%,44%,53%,48%,---,59%,49%,55%,43%,43%,43%,50%,46%,52%,---,57%,58%,57%,58%,56%,41%,---,59%,61%,58%,48%
ANY Increasing income,31%,33%,30%,45%,42%,36%,23%,8%,43%,26%,33%,29%,28%,38%,37%,39%,---,36%,29%,39%,19%,37%,45%,33%,6%,30%,---,33%,34%,29%,25%,19%,---,30%,28%,34%,32%,33%,27%,25%,17%,31%,---,35%,43%,24%,26%,23%,42%,---,26%,16%,32%,33%
I am buying less food and essentials,21%,24%,18%,12%,24%,23%,23%,14%,20%,21%,16%,27%,20%,25%,24%,17%,---,21%,20%,19%,23%,19%,21%,12%,19%,31%,---,15%,20%,15%,22%,28%,---,28%,24%,16%,9%,14%,22%,15%,11%,20%,---,27%,22%,34%,35%,32%,22%,---,31%,39%,25%,17%
"I am using less water, energy or fuel",22%,27%,18%,17%,21%,21%,23%,29%,20%,23%,24%,20%,25%,13%,21%,20%,---,22%,22%,20%,25%,20%,22%,17%,30%,23%,---,20%,19%,22%,24%,21%,---,22%,25%,24%,19%,20%,21%,25%,25%,25%,---,24%,26%,20%,17%,23%,11%,---,26%,25%,27%,21%
I am buying cheaper products,36%,39%,32%,36%,41%,38%,36%,23%,39%,34%,33%,40%,33%,38%,43%,41%,---,38%,34%,37%,34%,36%,38%,34%,22%,48%,---,29%,34%,33%,39%,29%,---,45%,36%,36%,19%,33%,35%,27%,22%,29%,---,46%,46%,46%,48%,44%,36%,---,43%,47%,40%,33%
I am shopping around more or switching providers,22%,25%,19%,16%,20%,22%,29%,20%,19%,23%,24%,19%,22%,18%,31%,19%,---,20%,23%,24%,19%,23%,27%,18%,19%,19%,---,19%,23%,23%,19%,15%,---,23%,21%,23%,23%,17%,20%,26%,26%,27%,---,20%,18%,23%,23%,22%,19%,---,23%,16%,28%,22%
I am spending less on non-essentials,45%,51%,39%,38%,43%,46%,48%,44%,42%,46%,45%,44%,45%,39%,46%,47%,---,45%,45%,44%,45%,44%,46%,38%,42%,50%,---,46%,40%,46%,37%,43%,---,45%,48%,42%,40%,42%,41%,44%,44%,44%,---,51%,52%,50%,44%,56%,34%,---,49%,42%,54%,43%
I am using free transport (walking or cycling),26%,28%,23%,21%,28%,23%,29%,25%,26%,26%,27%,24%,29%,18%,22%,23%,---,31%,23%,24%,28%,24%,24%,25%,26%,31%,---,25%,22%,27%,28%,28%,---,22%,26%,28%,23%,25%,24%,25%,28%,21%,---,30%,32%,28%,28%,28%,18%,---,29%,28%,29%,25%
I am doing free activities,19%,22%,16%,23%,27%,17%,19%,11%,26%,16%,23%,14%,20%,12%,20%,20%,---,23%,17%,21%,15%,21%,24%,26%,11%,17%,---,9%,19%,20%,19%,20%,---,14%,16%,29%,25%,13%,15%,21%,21%,19%,---,20%,25%,14%,16%,12%,13%,---,18%,10%,23%,20%
"I am going without essentials (food, electricity or gas for example)",6%,7%,6%,9%,5%,5%,8%,5%,6%,6%,4%,10%,6%,8%,7%,4%,---,6%,6%,5%,8%,5%,7%,2%,7%,8%,---,5%,6%,4%,5%,15%,---,9%,11%,3%,1%,9%,5%,5%,4%,6%,---,8%,4%,13%,11%,15%,6%,---,11%,12%,10%,5%
I am stopping or delaying spend on non-essentials,32%,38%,25%,29%,28%,33%,39%,29%,28%,34%,33%,31%,30%,36%,37%,33%,---,32%,32%,34%,29%,33%,38%,29%,27%,34%,---,31%,29%,31%,26%,28%,---,41%,33%,24%,32%,24%,27%,31%,28%,34%,---,36%,40%,30%,35%,26%,28%,---,36%,35%,37%,30%
I am using my savings,20%,21%,18%,15%,18%,18%,26%,21%,17%,21%,21%,18%,21%,20%,18%,15%,---,18%,20%,19%,20%,19%,21%,14%,22%,20%,---,21%,17%,17%,23%,15%,---,26%,17%,17%,22%,19%,15%,21%,26%,17%,---,20%,22%,18%,21%,15%,16%,---,21%,21%,22%,19%
I am saving less,27%,29%,24%,22%,28%,27%,29%,23%,26%,27%,29%,23%,28%,23%,28%,24%,---,30%,25%,30%,21%,32%,22%,35%,22%,19%,---,19%,28%,25%,31%,17%,---,24%,23%,31%,26%,26%,27%,27%,21%,30%,---,29%,33%,24%,27%,22%,20%,---,27%,22%,30%,26%
I am borrowing money from friends or family,7%,7%,6%,4%,10%,8%,6%,2%,8%,6%,5%,9%,6%,7%,13%,5%,---,6%,7%,6%,7%,6%,9%,3%,4%,15%,---,12%,5%,4%,5%,6%,---,12%,8%,5%,2%,3%,5%,4%,1%,7%,---,10%,10%,9%,8%,11%,9%,---,12%,15%,10%,5%
"I am using more credit or going into debt (including overdrafts, loans, credit or store cards or missing payments)",12%,11%,12%,11%,11%,16%,9%,6%,11%,12%,12%,10%,11%,12%,17%,10%,---,12%,11%,12%,10%,12%,12%,6%,6%,13%,---,15%,10%,10%,8%,15%,---,10%,14%,15%,11%,12%,7%,10%,5%,14%,---,15%,13%,17%,14%,19%,10%,---,18%,23%,14%,9%
I am looking for a better-paying job,16%,16%,16%,18%,24%,21%,9%,1%,22%,13%,17%,14%,12%,24%,25%,18%,---,20%,14%,22%,6%,22%,20%,12%,0%,11%,---,14%,17%,17%,13%,7%,---,15%,16%,16%,14%,17%,15%,10%,4%,15%,---,18%,22%,12%,15%,9%,28%,---,12%,11%,12%,17%
I am negotiating a higher wage,4%,4%,5%,10%,8%,5%,1%,0%,8%,3%,6%,2%,4%,7%,5%,4%,---,5%,4%,6%,2%,7%,2%,5%,1%,1%,---,5%,5%,3%,3%,1%,---,1%,2%,5%,9%,6%,3%,4%,0%,6%,---,5%,6%,4%,1%,6%,4%,---,4%,6%,2%,5%
I am working more paid hours,5%,6%,5%,7%,7%,7%,5%,1%,7%,5%,5%,6%,5%,4%,9%,7%,---,5%,6%,8%,2%,6%,12%,6%,0%,2%,---,2%,7%,4%,3%,3%,---,5%,5%,7%,3%,5%,5%,4%,3%,5%,---,6%,8%,4%,2%,6%,6%,---,7%,3%,10%,5%
I am taking on additional paid work,7%,7%,7%,9%,7%,9%,4%,3%,8%,6%,8%,5%,6%,8%,4%,9%,---,8%,6%,10%,2%,8%,14%,7%,1%,0%,---,12%,8%,6%,7%,2%,---,6%,6%,10%,7%,5%,5%,6%,3%,7%,---,7%,9%,5%,7%,3%,7%,---,7%,4%,9%,6%
I am seeking paid employment,5%,6%,4%,8%,7%,4%,6%,3%,7%,5%,5%,6%,5%,4%,5%,8%,---,6%,5%,2%,10%,1%,6%,13%,3%,19%,---,10%,4%,2%,4%,9%,---,9%,5%,2%,5%,6%,5%,5%,7%,4%,---,5%,5%,6%,8%,3%,7%,---,7%,4%,8%,5%
I have started in paid employment,2%,2%,1%,3%,3%,0%,1%,1%,3%,1%,1%,2%,1%,3%,1%,2%,---,1%,2%,2%,0%,1%,5%,0%,1%,1%,---,0%,2%,1%,2%,2%,---,2%,2%,3%,0%,1%,0%,0%,0%,0%,---,3%,4%,1%,1%,1%,3%,---,1%,1%,1%,2%
None of these,21%,18%,25%,16%,14%,18%,26%,37%,15%,25%,23%,20%,24%,23%,9%,21%,---,19%,23%,19%,25%,19%,19%,16%,37%,19%,---,26%,22%,26%,20%,14%,---,19%,23%,17%,28%,13%,26%,30%,36%,26%,---,13%,9%,18%,22%,14%,23%,---,20%,24%,16%,22%
Don’t know,6%,5%,7%,16%,6%,5%,4%,3%,9%,4%,4%,8%,4%,12%,7%,8%,---,6%,5%,4%,8%,3%,9%,11%,4%,12%,---,7%,5%,2%,7%,13%,---,7%,3%,5%,3%,17%,4%,3%,4%,2%,---,6%,7%,5%,4%,5%,10%,---,5%,4%,6%,6%
Prefer not to say,4%,3%,6%,8%,4%,5%,2%,3%,6%,4%,3%,5%,4%,3%,3%,6%,---,4%,4%,3%,6%,3%,4%,6%,3%,4%,---,1%,2%,4%,6%,11%,---,3%,3%,1%,1%,8%,10%,2%,3%,2%,---,4%,2%,5%,2%,8%,6%,---,5%,6%,4%,4%
Weighted N,1188,604,584,128,248,383,246,183,376,812,701,487,715,141,148,165,18,409,779,748,440,578,170,57,191,144,47,92,367,262,81,97,16,192,247,191,155,104,226,502,244,230,28,456,251,206,98,107,190,40,295,126,169,888
Unweighted N,1188,694,494,135,239,325,270,219,374,814,751,437,809,104,113,133,29*,420,768,725,463,552,173,59,224,140,40*,96,350,260,87,91,17*,181,240,196,163,105,225,525,273,224,28*,448,258,190,92,98,175,40*,295,111,184,888
,,,,,,,,,,,,,,,,,,,,,,,,,,,,,,,,,,,,,,,,,,,,,,,,,,,,,,
Weighted,,,,,,,,,,,,,,,,,,,,,,,,,,,,,,,,,,,,,,,,,,,,,,,,,,,,,,
Filters,Jan 22,,,,,,,,,,,,,,,,,,,,,,,,,,,,,,,,,,,,,,,,,,,,,,,,,,,,,
*Columns with fewer than 50 cases,,,,,,,,,,,,,,,,,,,,,,,,,,,,,,,,,,,,,,,,,,,,,,,,,,,,,,
,,,,,,,,,,,,,,,,,,,,,,,,,,,,,,,,,,,,,,,,,,,,,,,,,,,,,,
"YouGov on behalf of GLA. All figures, unless otherwise stated, are from YouGov Plc. Total sample size was 1188 adults. Fieldwork was undertaken between 21st - 26th January 2022.  The survey was carried out online. The figures have been weighted and are representative of all London adults (aged 18+)",,,,,,,,,,,,,,,,,,,,,,,,,,,,,,,,,,,,,,,,,,,,,,,,,,,,,,
To what extent are you worried about the impact of the following on your household finances over the next 12 months?,,,,,,,,,,,,,,,,,,,,,,,,,,,,,,,,,,,,,,,,,,,,,,,,,,,,,,
,,,,,,,,,,,,,,,,,,,,,,,,,,,,,,,,,,,,,,,,,,,,,,,,,,,,,,
,,Gender,,Age,,,,,,,Social Grade,,Ethnicity,,,,,Region,,Employment (1),,Employment (2),,,,,,Work organisation,,,,,,Gross household income,,,,,,House Tenure,,,,,,,,,,,Disability status,,,
rent/mortgage payments?,All,Female,Male,18-24,25-34,35-49,50-64,65+,18-34,35+,ABC1,C2DE,White,Asian,Black,Other and Mixed,Refused,Inner London,Outer London,In employment,Not in employment,Full time (30+ hours),Part time (less than 30 hours),Full time student,Retired,Unemployed or not working,Other,Self-employed,Private sector,Public sector or nationalised,Charity/voluntary sector,Other,Have never worked,"Less than £20,000","£20,000 to £39,999","£40,000 to £69,999","£70,000 and over",Don't know,Prefer not to answer,"ANY Ownership (outright, mortgage, shared ownership)",Own – outright,Own - Mortgage,"Own (part-own) – through shared ownership scheme (i.e. pay part mortgage, part rent)","Rent (private, LA and HA)",Rent – from a private landlord,Rent - Housing association (HA) and local authority (LA),Rent – from my local authority,Rent – from a housing association,Living with family and friends (whether pay rent or not),Other,Activities limited by health or disability,"Yes, limited a lot","Yes, limited a little",No
Very worried,15%,16%,13%,12%,20%,18%,12%,6%,18%,13%,12%,18%,12%,19%,20%,15%,---,17%,14%,15%,14%,16%,13%,22%,6%,19%,---,7%,14%,13%,16%,14%,---,15%,16%,15%,6%,17%,17%,8%,1%,14%,---,22%,21%,22%,24%,21%,14%,---,21%,24%,19%,13%
Fairly worried,25%,29%,21%,31%,29%,28%,22%,13%,30%,23%,24%,26%,23%,33%,31%,22%,---,27%,24%,28%,19%,28%,29%,31%,12%,23%,---,19%,28%,25%,19%,25%,---,34%,25%,29%,22%,21%,17%,18%,4%,27%,---,35%,35%,35%,31%,39%,22%,---,23%,24%,23%,26%
Not very worried,24%,23%,26%,25%,24%,29%,22%,18%,24%,25%,27%,21%,26%,21%,19%,29%,---,25%,24%,27%,20%,29%,22%,15%,18%,25%,---,18%,29%,23%,21%,20%,---,21%,23%,23%,35%,17%,26%,22%,14%,32%,---,29%,28%,30%,32%,28%,20%,---,24%,21%,26%,25%
Not at all worried,24%,21%,27%,12%,13%,13%,37%,54%,13%,29%,27%,20%,31%,8%,14%,18%,---,22%,25%,19%,32%,18%,22%,12%,56%,16%,---,38%,21%,28%,35%,16%,---,20%,27%,26%,35%,13%,21%,43%,66%,24%,---,8%,8%,7%,7%,8%,17%,---,23%,20%,26%,25%
Don’t know,12%,12%,12%,20%,14%,12%,8%,9%,16%,10%,10%,14%,8%,19%,15%,16%,---,9%,13%,10%,15%,9%,13%,20%,8%,18%,---,17%,8%,10%,9%,24%,---,9%,9%,6%,2%,32%,19%,9%,14%,3%,---,7%,8%,5%,6%,4%,26%,---,9%,11%,7%,13%
Weighted N,1188,604,584,128,248,383,246,183,376,812,701,487,715,141,148,165,18,409,779,748,440,578,170,57,191,144,47,92,367,262,81,97,16,192,247,191,155,104,226,502,244,230,28,456,251,206,98,107,190,40,295,126,169,888
Unweighted N,1188,694,494,135,239,325,270,219,374,814,751,437,809,104,113,133,29*,420,768,725,463,552,173,59,224,140,40*,96,350,260,87,91,17*,181,240,196,163,105,225,525,273,224,28*,448,258,190,92,98,175,40*,295,111,184,888
,,,,,,,,,,,,,,,,,,,,,,,,,,,,,,,,,,,,,,,,,,,,,,,,,,,,,,
,,Gender,,Age,,,,,,,Social Grade,,Ethnicity,,,,,Region,,Employment (1),,Employment (2),,,,,,Work organisation,,,,,,Gross household income,,,,,,House Tenure,,,,,,,,,,,Disability status,,,
energy costs?,All,Female,Male,18-24,25-34,35-49,50-64,65+,18-34,35+,ABC1,C2DE,White,Asian,Black,Other and Mixed,Refused,Inner London,Outer London,In employment,Not in employment,Full time (30+ hours),Part time (less than 30 hours),Full time student,Retired,Unemployed or not working,Other,Self-employed,Private sector,Public sector or nationalised,Charity/voluntary sector,Other,Have never worked,"Less than £20,000","£20,000 to £39,999","£40,000 to £69,999","£70,000 and over",Don't know,Prefer not to answer,Own (inc part own),Own – outright,Own - Mortgage,"Own (part-own) – through shared ownership scheme (i.e. pay part mortgage, part rent)","Rent (private, LA and HA)",Rent – from a private landlord,Rent - Housing association (HA) and local authority (LA),Rent – from my local authority,Rent – from a housing association,Living with family and friends (whether pay rent or not),Other,Activities limited by health or disability,"Yes, limited a lot","Yes, limited a little",No
Very worried,36%,42%,30%,19%,34%,39%,40%,38%,29%,39%,32%,43%,36%,39%,35%,34%,---,37%,36%,34%,39%,35%,34%,21%,36%,43%,---,26%,34%,39%,33%,40%,---,44%,40%,33%,22%,29%,41%,32%,31%,34%,---,44%,38%,52%,52%,52%,25%,---,47%,53%,42%,32%
Fairly worried,39%,36%,41%,38%,35%,41%,42%,35%,36%,40%,42%,33%,40%,31%,40%,38%,---,39%,38%,42%,32%,43%,42%,35%,37%,30%,---,42%,42%,39%,40%,34%,---,35%,38%,46%,52%,30%,31%,44%,42%,46%,---,37%,37%,36%,37%,36%,33%,---,35%,36%,34%,40%
Not very worried,14%,11%,17%,19%,15%,10%,13%,17%,16%,13%,16%,11%,15%,9%,12%,15%,---,16%,13%,13%,16%,13%,12%,23%,18%,12%,---,18%,15%,13%,16%,11%,---,14%,11%,16%,17%,10%,15%,16%,18%,13%,---,12%,14%,9%,11%,8%,15%,---,11%,4%,16%,15%
Not at all worried,4%,4%,5%,6%,4%,3%,4%,8%,4%,4%,5%,4%,5%,5%,3%,3%,---,4%,5%,4%,5%,3%,6%,3%,8%,4%,---,7%,4%,4%,2%,3%,---,3%,3%,3%,8%,4%,4%,5%,7%,4%,---,3%,4%,1%,0%,1%,7%,---,5%,5%,4%,4%
Don’t know,7%,7%,7%,19%,12%,6%,1%,2%,14%,4%,6%,9%,4%,16%,10%,9%,---,4%,8%,6%,8%,6%,6%,18%,1%,10%,---,6%,6%,5%,9%,13%,---,4%,7%,3%,1%,26%,8%,3%,2%,2%,---,4%,7%,2%,1%,2%,20%,---,3%,2%,4%,8%
Weighted N,1188,604,584,128,248,383,246,183,376,812,701,487,715,141,148,165,18,409,779,748,440,578,170,57,191,144,47,92,367,262,81,97,16,192,247,191,155,104,226,502,244,230,28,456,251,206,98,107,190,40,295,126,169,888
Unweighted N,1188,694,494,135,239,325,270,219,374,814,751,437,809,104,113,133,29*,420,768,725,463,552,173,59,224,140,40*,96,350,260,87,91,17*,181,240,196,163,105,225,525,273,224,28*,448,258,190,92,98,175,40*,295,111,184,888
,,,,,,,,,,,,,,,,,,,,,,,,,,,,,,,,,,,,,,,,,,,,,,,,,,,,,,
,,Gender,,Age,,,,,,,Social Grade,,Ethnicity,,,,,Region,,Employment (1),,Employment (2),,,,,,Work organisation,,,,,,Gross household income,,,,,,House Tenure,,,,,,,,,,,Disability status,,,
living costs overall?,All,Female,Male,18-24,25-34,35-49,50-64,65+,18-34,35+,ABC1,C2DE,White,Asian,Black,Other and Mixed,Refused,Inner London,Outer London,In employment,Not in employment,Full time (30+ hours),Part time (less than 30 hours),Full time student,Retired,Unemployed or not working,Other,Self-employed,Private sector,Public sector or nationalised,Charity/voluntary sector,Other,Have never worked,"Less than £20,000","£20,000 to £39,999","£40,000 to £69,999","£70,000 and over",Don't know,Prefer not to answer,Own (inc part own),Own – outright,Own - Mortgage,"Own (part-own) – through shared ownership scheme (i.e. pay part mortgage, part rent)","Rent (private, LA and HA)",Rent – from a private landlord,Rent - Housing association (HA) and local authority (LA),Rent – from my local authority,Rent – from a housing association,Living with family and friends (whether pay rent or not),Other,Activities limited by health or disability,"Yes, limited a lot","Yes, limited a little",No
Very worried,32%,37%,27%,21%,32%,37%,33%,27%,28%,33%,28%,37%,29%,44%,37%,30%,---,33%,31%,32%,31%,32%,32%,22%,23%,39%,---,20%,27%,32%,32%,34%,---,38%,36%,26%,17%,28%,37%,25%,22%,28%,---,40%,34%,46%,46%,46%,28%,---,43%,49%,39%,28%
Fairly worried,40%,40%,41%,30%,39%,44%,45%,37%,36%,43%,43%,36%,43%,29%,37%,42%,---,40%,41%,43%,36%,44%,41%,29%,41%,37%,---,40%,45%,44%,35%,41%,---,40%,41%,45%,53%,31%,34%,45%,44%,47%,---,40%,41%,40%,37%,42%,34%,---,36%,35%,36%,42%
Not very worried,18%,15%,22%,29%,18%,12%,17%,27%,22%,17%,20%,16%,21%,11%,15%,17%,---,20%,18%,17%,22%,16%,18%,30%,28%,15%,---,27%,20%,16%,24%,10%,---,17%,15%,24%,22%,16%,18%,22%,25%,19%,---,14%,15%,12%,16%,8%,19%,---,15%,11%,19%,20%
Not at all worried,4%,3%,4%,5%,2%,2%,4%,7%,3%,4%,4%,3%,4%,2%,3%,3%,---,3%,4%,3%,5%,3%,4%,3%,6%,2%,---,10%,3%,4%,2%,2%,---,1%,3%,3%,7%,4%,4%,5%,7%,4%,---,2%,3%,0%,0%,1%,5%,---,3%,5%,2%,4%
Don’t know,6%,6%,6%,15%,9%,6%,1%,2%,11%,3%,5%,8%,3%,14%,8%,7%,---,4%,7%,5%,7%,6%,5%,15%,1%,8%,---,3%,6%,4%,7%,13%,---,4%,5%,2%,1%,22%,8%,2%,2%,2%,---,5%,6%,2%,1%,4%,14%,---,3%,1%,4%,7%
Weighted N,1188,604,584,128,248,383,246,183,376,812,701,487,715,141,148,165,18,409,779,748,440,578,170,57,191,144,47,92,367,262,81,97,16,192,247,191,155,104,226,502,244,230,28,456,251,206,98,107,190,40,295,126,169,888
Unweighted N,1188,694,494,135,239,325,270,219,374,814,751,437,809,104,113,133,29*,420,768,725,463,552,173,59,224,140,40*,96,350,260,87,91,17*,181,240,196,163,105,225,525,273,224,28*,448,258,190,92,98,175,40*,295,111,184,888
,,,,,,,,,,,,,,,,,,,,,,,,,,,,,,,,,,,,,,,,,,,,,,,,,,,,,,
Weighted,,,,,,,,,,,,,,,,,,,,,,,,,,,,,,,,,,,,,,,,,,,,,,,,,,,,,,
Filters,Jan 22,,,,,,,,,,,,,,,,,,,,,,,,,,,,,,,,,,,,,,,,,,,,,,,,,,,,,
*Columns with fewer than 50 cases,,,,,,,,,,,,,,,,,,,,,,,,,,,,,,,,,,,,,,,,,,,,,,,,,,,,,,
,,,,,,,,,,,,,,,,,,,,,,,,,,,,,,,,,,,,,,,,,,,,,,,,,,,,,,
"YouGov on behalf of GLA. All figures, unless otherwise stated, are from YouGov Plc. Total sample size was 1188 adults. Fieldwork was undertaken between 21st - 26th January 2022.  The survey was carried out online. The figures have been weighted and are representative of all London adults (aged 18+)",,,,,,,,,,,,,,,,,,,,,,,,,,,,,,,,,,,,,,,,,,,,,,,,,,,,,,
